Workbook
Name Elenco_Misure: 'Tab-Mis'!$B$5:$B$184
Name Misure_Campionate: 'Tab-Mis'!$B$5:$P$184
Name MisureRumore: 'Tab-Mis'!#REF!
Name NumeroRumore: 'Tab-Mis'!#REF!
Name TdiR: 'Tab-Mis'!$L$20:$L$24
Name Elenco_Misure: #REF!
Name Misure_Campionate: #REF!
Name _ftn1: 'Tab-Mis (3)'!#REF!
Name _ftn2: 'Tab-Mis (3)'!#REF!
Name _ftn3: 'Tab-Mis (3)'!#REF!
Name _ftn4: 'Tab-Mis (3)'!#REF!
Name _ftn5: 'Tab-Mis (3)'!#REF!
Name _ftnref1: 'Tab-Mis (3)'!#REF!
Name _ftnref2: 'Tab-Mis (3)'!#REF!
Name _ftnref3: 'Tab-Mis (3)'!#REF!
Name _ftnref4: 'Tab-Mis (3)'!#REF!
Name _ftnref5: 'Tab-Mis (3)'!#REF!
Name Elenco_Misure: 'Tab-Mis (3)'!$B$5:$B$184
Name Misure_Campionate: 'Tab-Mis (3)'!$B$5:$P$184
Name MisureRumore: 'Tab-Mis (3)'!#REF!
Name NumeroRumore: 'Tab-Mis (3)'!#REF!
Name TdiR: 'Tab-Mis (3)'!$L$20:$L$24
Name _ftn1: 'Tab-Mis'!#REF!
Name _ftn2: 'Tab-Mis'!#REF!
Name _ftn3: 'Tab-Mis'!#REF!
Name _ftn4: 'Tab-Mis'!#REF!
Name _ftn5: 'Tab-Mis'!#REF!
Name _ftnref1: 'Tab-Mis'!#REF!
Name _ftnref2: 'Tab-Mis'!#REF!
Name _ftnref3: 'Tab-Mis'!#REF!
Name _ftnref4: 'Tab-Mis'!#REF!
Name _ftnref5: 'Tab-Mis'!#REF!

Sheet Riepilogo
A4: Gruppi Omogenei di Esposizione | B4: Scheda Gruppo omogeneo | C4: Parametro di riferimento | D4: ='Scheda 1'!H44 | E4: Incertezza complessiva U (LEX,8h) | F4: LEX MAX | G4: Massimo dei PPEAK misurati | H4: LEX,8h con attenuazione D.P.I. uditivo (**) | I4: PPEAK con attenuazione D.P.I. uditivo | J4: CLASSE DI RISCHIO BASSA | K4: CLASSE DI RISCHIO MEDIA | L4: CLASSE DI RISCHIO ALTA | M4: Esposizone a vibrazioni (*) | N4: Esposizone a ototossici | O4: Rumori impulsisi possibili
A5: ='Scheda 1'!F8 | B5: 1 | C5: ='Scheda 1'!H44 | D5: ='Scheda 1'!I44 | E5: ='Scheda 1'!K44 | F5: ='Scheda 1'!O44 | G5: ='Scheda 1'!O45 | H5: =IF(F5>87,'Scheda 1'!AM$11,"non previsto") | I5: =IF(G5>140,'Scheda 1'!T$41,"non previsto") | J5: =IF(F5<80,"BASSA"," ") | K5: =IF(F5>85," ",IF(F5>80,"MEDIA",IF(F5<80," ",IF(F5<87," "," ")))) | L5: =IF(F5>85,"ALTA"," ") | M5: WBV | N5: SI | O5: NO
A6: ='Scheda 2'!F8 | B6: 2 | C6: ='Scheda 2'!H44 | D6: ='Scheda 2'!I44 | E6: ='Scheda 2'!K44 | F6: ='Scheda 2'!O44 | G6: ='Scheda 2'!O45 | H6: =IF(F6>87,'Scheda 2'!AM$11,"non previsto") | I6: =IF(G6>140,'Scheda 2'!T$41,"non previsto") | J6: =IF(F6<80,"BASSA"," ") | K6: =IF(F6>85," ",IF(F6>80,"MEDIA",IF(F6<80," ",IF(F6<87," "," ")))) | L6: =IF(F6>85,"ALTA"," ") | M6: HAV | N6: SI | O6: NO
A7: ='Scheda 3'!F8 | B7: 3 | C7: ='Scheda 3'!H44 | D7: ='Scheda 3'!I44 | E7: ='Scheda 3'!K44 | F7: ='Scheda 3'!O44 | G7: ='Scheda 3'!O45 | H7: =IF(F7>87,'Scheda 3'!AM$11,"non previsto") | I7: =IF(G7>140,'Scheda 3'!T$41,"non previsto") | J7: =IF(F7<80,"BASSA"," ") | K7: =IF(F7>85," ",IF(F7>80,"MEDIA",IF(F7<80," ",IF(F7<87," "," ")))) | L7: =IF(F7>85,"ALTA"," ") | M7: HAV | N7: SI | O7: NO
A8: ='Scheda 4'!F8 | B8: 4 | C8: ='Scheda 4'!H44 | D8: ='Scheda 4'!I44 | E8: ='Scheda 4'!K44 | F8: ='Scheda 4'!O44 | G8: ='Scheda 4'!O45 | H8: =IF(F8>84,'Scheda 4'!AM$11,"non previsto") | I8: =IF(G8>140,'Scheda 4'!T$41,"non previsto") | J8: =IF(F8<80,"BASSA"," ") | K8: =IF(F8>85," ",IF(F8>80,"MEDIA",IF(F8<80," ",IF(F8<87," "," ")))) | L8: =IF(F8>85,"ALTA"," ") | M8: HAV | N8: NO | O8: NO
A9: ='Scheda 5'!F8 | B9: 5 | C9: ='Scheda 5'!H44 | D9: ='Scheda 5'!I44 | E9: ='Scheda 5'!K44 | F9: ='Scheda 5'!O44 | G9: ='Scheda 5'!O45 | H9: =IF(F9>87,'Scheda 5'!AM$11,"non previsto") | I9: =IF(G9>540,'Scheda 5'!T$45,"non previsto") | J9: =IF(F9<80,"BASSA"," ") | K9: =IF(F9>85," ",IF(F9>80,"MEDIA",IF(F9<80," ",IF(F9<87," "," ")))) | L9: =IF(F9>85,"ALTA"," ") | M9: HAV | N9: NO | O9: NO
A10: ='Scheda 6'!F8 | B10: 6 | C10: ='Scheda 6'!H44 | D10: ='Scheda 6'!I44 | E10: ='Scheda 6'!K44 | F10: ='Scheda 6'!O44 | G10: ='Scheda 6'!O45 | H10: =IF(F10>87,'Scheda 6'!AM$11,"non previsto") | I10: =IF(G10>140,'Scheda 6'!T$41,"non previsto") | J10: =IF(F10<80,"BASSA"," ") | K10: =IF(F10>85," ",IF(F10>80,"MEDIA",IF(F10<80," ",IF(F10<87," "," ")))) | L10: =IF(F10>85,"ALTA"," ") | M10: HAV | N10: NO | O10: NO
A11: ='Scheda 7'!F8 | B11: 7 | C11: ='Scheda 7'!H44 | D11: ='Scheda 7'!I44 | E11: ='Scheda 7'!K44 | F11: ='Scheda 7'!O44 | G11: ='Scheda 7'!O45 | H11: =IF(F11>87,'Scheda 7'!AM$11,"non previsto") | I11: =IF(G11>140,'Scheda 7'!T$41,"non previsto") | J11: =IF(F11<80,"BASSA"," ") | K11: =IF(F11>85," ",IF(F11>80,"MEDIA",IF(F11<80," ",IF(F11<87," "," ")))) | L11: =IF(F11>85,"ALTA"," ") | M11: HAV | N11: NO | O11: NO
A12: ='Scheda 8'!F8 | B12: 8 | C12: ='Scheda 8'!H44 | D12: ='Scheda 8'!I44 | E12: ='Scheda 8'!K44 | F12: ='Scheda 8'!O44 | G12: ='Scheda 8'!O45 | H12: =IF(F12>87,'Scheda 8'!AM$11,"non previsto") | I12: =IF(G12>140,'Scheda 8'!T$41,"non previsto") | J12: =IF(F12<80,"BASSA"," ") | K12: =IF(F12>85," ",IF(F12>80,"MEDIA",IF(F12<80," ",IF(F12<87," "," ")))) | L12: =IF(F12>85,"ALTA"," ") | M12: NO | N12: NO | O12: NO
A13: ='Scheda 9'!F8 | B13: 9 | C13: ='Scheda 8'!H44 | D13: ='Scheda 9'!I44 | E13: ='Scheda 9'!K44 | F13: ='Scheda 9'!O44 | G13: ='Scheda 9'!O45 | H13: =IF(F13>97,'Scheda 9'!AM$11,"non previsto") | I13: =IF(G13>140,'Scheda 9'!T$41,"non previsto") | J13: =IF(F13<80,"BASSA"," ") | K13: =IF(F13>85," ",IF(F13>80,"X",IF(F13<80," ",IF(F13<87," "," ")))) | L13: =IF(F13>85,"ALTA"," ") | M13: WBV | N13: NO | O13: NO
A14: ='Scheda 10'!F8 | B14: 10 | C14: ='Scheda 10'!H44 | D14: ='Scheda 10'!I44 | E14: ='Scheda 10'!K44 | F14: ='Scheda 10'!O44 | G14: ='Scheda 10'!O45 | H14: =IF(F14>87,'Scheda 10'!AM$11,"non previsto") | I14: =IF(G14>140,'Scheda 10'!T$41,"non previsto") | J14: =IF(F14<80,"BASSA"," ") | K14: =IF(F14>85," ",IF(F14>80,"X",IF(F14<80," ",IF(F14<87," "," ")))) | L14: =IF(F14>85,"ALTA"," ") | M14: HAV | N14: NO | O14: NO
A15: ='Scheda 11'!F8 | B15: 11 | C15: ='Scheda 11'!H44 | D15: ='Scheda 11'!I44 | E15: ='Scheda 11'!K44 | F15: ='Scheda 11'!O44 | G15: ='Scheda 11'!O45 | H15: =IF(F15>87,'Scheda 11'!AM$11,"non previsto") | I15: =IF(G15>140,'Scheda 11'!T$41,"non previsto") | J15: =IF(F15<80,"BASSA"," ") | K15: =IF(F15>85," ",IF(F15>80,"MEDIA",IF(F15<80," ",IF(F15<87," "," ")))) | L15: =IF(F15>85,"ALTA"," ") | M15: WBV | N15: NO | O15: NO
A16: ='Scheda 12'!F8 | B16: 12 | C16: ='Scheda 12'!H44 | D16: ='Scheda 12'!I44 | E16: ='Scheda 12'!K44 | F16: ='Scheda 12'!O44 | G16: ='Scheda 12'!O45 | H16: =IF(F16>87,'Scheda 12'!AM$11,"non previsto") | I16: =IF(G16>140,'Scheda 12'!T$41,"non previsto") | J16: =IF(F16<80,"BASSA"," ") | K16: =IF(F16>85," ",IF(F16>80,"X",IF(F16<80," ",IF(F16<87," "," ")))) | L16: =IF(F16>85,"ALTA"," ") | M16: WBV | N16: SI | O16: NO
A17: ='Scheda 13'!F8 | B17: 13 | C17: ='Scheda 13'!H44 | D17: ='Scheda 13'!I44 | E17: ='Scheda 13'!K44 | F17: ='Scheda 13'!O44 | G17: ='Scheda 13'!O45 | H17: =IF(F17>87,'Scheda 13'!AM$11,"non previsto") | I17: =IF(G17>140,'Scheda 13'!T$41,"non previsto") | J17: =IF(F17<80,"BASSA"," ") | K17: =IF(F17>85," ",IF(F17>80,"X",IF(F17<80," ",IF(F17<87," "," ")))) | L17: =IF(F17>85,"ALTA"," ") | M17: WBV-HAV | N17: SI | O17: NO
A18: ='Scheda 14'!F8 | B18: 14 | C18: ='Scheda 14'!H44 | D18: ='Scheda 14'!I44 | E18: ='Scheda 14'!K44 | F18: ='Scheda 14'!O44 | G18: ='Scheda 14'!O45 | H18: =IF(F18>87,'Scheda 14'!AM$11,"non previsto") | I18: =IF(G18>140,'Scheda 14'!T$41,"non previsto") | J18: =IF(F18<80,"BASSA"," ") | K18: =IF(F18>85," ",IF(F18>80,"X",IF(F18<80," ",IF(F18<87," "," ")))) | L18: =IF(F18>85,"ALTA"," ") | M18: WBV-HAV | N18: SI | O18: NO
A19: ='Scheda 15'!F8 | B19: 15 | C19: ='Scheda 2'!H44 | D19: ='Scheda 15'!I44 | E19: ='Scheda 15'!K44 | F19: ='Scheda 15'!O44 | G19: ='Scheda 15'!O45 | H19: =IF(F19>87,'Scheda 15'!AM$11,"non previsto") | I19: =IF(G19>140,'Scheda 15'!T$41,"non previsto") | J19: =IF(F19<80,"BASSA"," ") | K19: =IF(F19>85," ",IF(F19>80,"MEDIA",IF(F19<80," ",IF(F19<87," "," ")))) | L19: =IF(F19>85,"ALTA"," ") | M19: WBV | N19: NO | O19: NO
A20: ='Scheda 16'!F8 | B20: 16 | C20: ='Scheda 16'!H44 | D20: ='Scheda 16'!I44 | E20: ='Scheda 16'!K44 | F20: ='Scheda 16'!O44 | G20: ='Scheda 16'!O45 | H20: =IF(F20>87,'Scheda 16'!AM$11,"non previsto") | I20: =IF(G20>140,'Scheda 16'!T$41,"non previsto") | J20: =IF(F20<80,"BASSA"," ") | K20: =IF(F20>85," ",IF(F20>80,"X",IF(F20<80," ",IF(F20<87," "," ")))) | L20: =IF(F20>85,"ALTA"," ") | M20: HAV | N20: NO | O20: NO
A21: ='Scheda 17'!F8 | B21: 17 | C21: ='Scheda 4'!H44 | D21: ='Scheda 17'!I44 | E21: ='Scheda 17'!K44 | F21: ='Scheda 17'!O44 | G21: ='Scheda 17'!O45 | H21: =IF(F21>84,'Scheda 17'!AM$11,"non previsto") | I21: =IF(G21>140,'Scheda 17'!T$41,"non previsto") | J21: =IF(F21<80,"BASSA"," ") | K21: =IF(F21>85," ",IF(F21>80,"MEDIA",IF(F21<80," ",IF(F21<87," "," ")))) | L21: =IF(F21>85,"ALTA"," ") | M21: WBV | N21: NO | O21: NO
A22: ='Scheda 18'!F8 | B22: 18 | C22: ='Scheda 5'!H44 | D22: ='Scheda 18'!I44 | E22: ='Scheda 18'!K44 | F22: ='Scheda 18'!O44 | G22: ='Scheda 18'!O45 | H22: =IF(F22>87,'Scheda 18'!AM$11,"non previsto") | I22: =IF(G22>540,'Scheda 18'!T$45,"non previsto") | J22: =IF(F22<80,"BASSA"," ") | K22: =IF(F22>85," ",IF(F22>80,"X",IF(F22<80," ",IF(F22<87," "," ")))) | L22: =IF(F22>85,"ALTA"," ") | M22: WBV | N22: NO | O22: NO
A23: ='Scheda 19'!F8 | B23: 19 | C23: ='Scheda 6'!H44 | D23: ='Scheda 19'!I44 | E23: ='Scheda 19'!K44 | F23: ='Scheda 19'!O44 | G23: ='Scheda 19'!O45 | H23: =IF(F23>87,'Scheda 19'!AM$11,"non previsto") | I23: =IF(G23>140,'Scheda 19'!T$41,"non previsto") | J23: =IF(F23<80,"BASSA"," ") | K23: =IF(F23>85," ",IF(F23>80,"MEDIA",IF(F23<80," ",IF(F23<87," "," ")))) | L23: =IF(F23>85,"ALTA"," ") | M23: WBV | N23: NO | O23: NO
A24: ='Scheda 20'!F8 | B24: 20 | C24: ='Scheda 20'!H44 | D24: ='Scheda 20'!I44 | E24: ='Scheda 20'!K44 | F24: ='Scheda 20'!O44 | G24: ='Scheda 20'!O45 | H24: =IF(F24>87,'Scheda 20'!AM$11,"non previsto") | I24: =IF(G24>140,'Scheda 20'!T$41,"non previsto") | J24: =IF(F24<80,"BASSA"," ") | K24: =IF(F24>85," ",IF(F24>80,"X",IF(F24<80," ",IF(F24<87," "," ")))) | L24: =IF(F24>85,"ALTA"," ") | M24: HAV | N24: NO | O24: NO
A25: ='Scheda 21'!F8 | B25: 21 | C25: ='Scheda 21'!H44 | D25: ='Scheda 21'!I44 | E25: ='Scheda 21'!K44 | F25: ='Scheda 21'!O44 | G25: ='Scheda 21'!O45 | H25: =IF(F25>87,'Scheda 21'!AM$11,"non previsto") | I25: =IF(G25>140,'Scheda 21'!T$41,"non previsto") | J25: =IF(F25<80,"BASSA"," ") | K25: =IF(F25>85," ",IF(F25>80,"X",IF(F25<80," ",IF(F25<87," "," ")))) | L25: =IF(F25>85,"ALTA"," ") | M25: HAV | N25: NO | O25: NO
A26: ='Scheda 22'!F8 | B26: 22 | C26: ='Scheda 22'!H44 | D26: ='Scheda 22'!I44 | E26: ='Scheda 22'!K44 | F26: ='Scheda 22'!O44 | G26: ='Scheda 22'!O45 | H26: =IF(F26>87,'Scheda 22'!AM$11,"non previsto") | I26: =IF(G26>140,'Scheda 22'!T$41,"non previsto") | J26: =IF(F26<80,"BASSA"," ") | K26: =IF(F26>85," ",IF(F26>80,"X",IF(F26<80," ",IF(F26<87," "," ")))) | L26: =IF(F26>85,"ALTA"," ") | M26: NO | N26: NO | O26: NO
A27: ='Scheda 23'!F8 | B27: 23 | C27: ='Scheda 23'!H44 | D27: ='Scheda 23'!I44 | E27: ='Scheda 23'!K44 | F27: ='Scheda 23'!O44 | G27: ='Scheda 23'!O45 | H27: =IF(F27>87,'Scheda 23'!AM$11,"non previsto") | I27: =IF(G27>140,'Scheda 23'!T$41,"non previsto") | J27: =IF(F27<80,"BASSA"," ") | K27: =IF(F27>85," ",IF(F27>80,"MEDIA",IF(F27<80," ",IF(F27<87," "," ")))) | L27: =IF(F27>85,"ALTA"," ") | M27: NO | N27: NO | O27: NO
A28: ='Scheda 24'!F8 | B28: 24 | C28: ='Scheda 24'!H44 | D28: ='Scheda 24'!I44 | E28: ='Scheda 24'!K44 | F28: ='Scheda 24'!O44 | G28: ='Scheda 24'!O45 | H28: =IF(F30>87,'Scheda 24'!AM$11,"non previsto") | I28: =IF(G30>140,'Scheda 24'!T$41,"non previsto") | J28: =IF(F28<80,"BASSA"," ") | K28: =IF(F28>85," ",IF(F28>80,"MEDIA",IF(F28<80," ",IF(F28<87," "," ")))) | L28: =IF(F30>85,"X"," ") | M28: NO | N28: NO | O28: NO
A29: ='[1]Scheda 25'!F8 | B29: 25 | C29: ='[2]Scheda 25'!H44 | D29: ='[2]Scheda 25'!I44 | E29: ='[2]Scheda 25'!K44 | F29: ='[2]Scheda 25'!O44 | G29: ='[2]Scheda 25'!O45 | H29: =IF(F29>87,'[2]Scheda 25'!AM$11,"non previsto") | I29: =IF(G29>140,'[2]Scheda 25'!T$41,"non previsto") | J29: =IF(F29<80,"BASSA"," ") | K29: =IF(F29>85," ",IF(F29>80,"X",IF(F29<80," ",IF(F29<87," "," ")))) | L29: =IF(F29>85,"ALTA"," ") | M29: HAV | N29: NO | O29: NO
A30: ='[2]Scheda 26'!F8 | B30: 26 | C30: ='[2]Scheda 26'!H44 | D30: ='[2]Scheda 26'!I44 | E30: ='[2]Scheda 26'!K44 | F30: ='[2]Scheda 26'!O44 | G30: ='[2]Scheda 26'!O45 | H30: =IF(F30>87,'[2]Scheda 26'!AM$11,"non previsto") | I30: =IF(G30>140,'[2]Scheda 26'!T$41,"non previsto") | J30: =IF(F30<80,"BASSA"," ") | K30: =IF(F30>85," ",IF(F30>80,"MEDIA",IF(F30<80," ",IF(F30<87," "," ")))) | L30: =IF(F30>85,"X"," ") | M30: NO | N30: NO | O30: NO
A31: ='[2]Scheda 27'!F8 | B31: 27 | C31: ='[2]Scheda 27'!H44 | D31: ='[2]Scheda 27'!I44 | E31: ='[2]Scheda 27'!K44 | F31: ='[2]Scheda 27'!O44 | G31: ='[2]Scheda 27'!O45 | H31: =IF(F31>87,'[2]Scheda 27'!AM$11,"non previsto") | I31: =IF(G31>140,'[2]Scheda 27'!T$41,"non previsto") | J31: =IF(F31<80,"BASSA"," ") | K31: =IF(F31>85," ",IF(F31>80,"MEDIA",IF(F31<80," ",IF(F31<87," "," ")))) | L31: =IF(F31>85,"X"," ") | M31: NO | N31: NO | O31: NO
A32: ='[2]Scheda 28'!F8 | B32: 28 | C32: ='[2]Scheda 28'!H44 | D32: ='[2]Scheda 28'!I44 | E32: ='[2]Scheda 28'!K44 | F32: ='[2]Scheda 28'!O44 | G32: ='[2]Scheda 28'!O45 | H32: =IF(F32>87,'[2]Scheda 28'!AM$11,"non previsto") | I32: =IF(G32>140,'[2]Scheda 28'!T$41,"non previsto") | J32: =IF(F32<80,"BASSA"," ") | K32: =IF(F32>85," ",IF(F32>80,"MEDIA",IF(F32<80," ",IF(F32<87," "," ")))) | L32: =IF(F32>85,"X"," ") | M32: NO | N32: NO | O32: NO
A33: ='[2]Scheda 29'!$F$8 | B33: 29 | C33: ='[2]Scheda 29'!H44 | D33: ='[2]Scheda 29'!I44 | E33: ='[2]Scheda 29'!K44 | F33: ='[2]Scheda 29'!O44 | G33: ='[2]Scheda 29'!O45 | H33: =IF(F33>87,'[2]Scheda 29'!AM$11,"non previsto") | I33: =IF(G33>140,'[2]Scheda 29'!T$41,"non previsto") | J33: =IF(F33<80,"BASSA"," ") | K33: =IF(F33>85," ",IF(F33>80,"MEDIA",IF(F33<80," ",IF(F33<87," "," ")))) | L33: =IF(F33>85,"X"," ") | M33: NO | N33: NO | O33: NO
A34: ='[2]Scheda 30'!$F$8 | B34: 30 | C34: ='[2]Scheda 30'!H44 | D34: ='[2]Scheda 30'!I44 | E34: ='[2]Scheda 30'!K44 | F34: ='[2]Scheda 30'!O44 | G34: ='[2]Scheda 30'!O45 | H34: =IF(F34>87,'[2]Scheda 30'!AM$11,"non previsto") | I34: =IF(G34>140,'[2]Scheda 30'!T$41,"non previsto") | J34: =IF(F34<80,"BASSA"," ") | K34: =IF(F34>85," ",IF(F34>80,"MEDIA",IF(F34<80," ",IF(F34<87," "," ")))) | L34: =IF(F34>85,"X"," ") | M34: WBV | N34: NO | O34: NO
A35: ='[2]Scheda 31'!$F$8 | B35: 31 | C35: ='[2]Scheda 31'!H44 | D35: ='[2]Scheda 31'!I44 | E35: ='[2]Scheda 31'!K44 | F35: ='[2]Scheda 31'!O44 | G35: ='[2]Scheda 31'!O45 | H35: =IF(F35>87,'[2]Scheda 31'!AM$11,"non previsto") | I35: =IF(G35>140,'[2]Scheda 31'!T$41,"non previsto") | J35: =IF(F35<80,"BASSA"," ") | K35: =IF(F35>85," ",IF(F35>80,"X",IF(F35<80," ",IF(F35<87," "," ")))) | L35: =IF(F35>85,"X"," ") | M35: NO | N35: NO | O35: NO
A36: ='[2]Scheda 32'!$F$8 | B36: 32 | C36: ='[2]Scheda 32'!H44 | D36: ='[2]Scheda 32'!I44 | E36: ='[2]Scheda 32'!K44 | F36: ='[2]Scheda 32'!O44 | G36: ='[2]Scheda 32'!O45 | H36: =IF(F36>87,'[2]Scheda 32'!AM$11,"non previsto") | I36: =IF(G36>140,'[2]Scheda 32'!T$41,"non previsto") | J36: =IF(F36<80,"BASSA"," ") | K36: =IF(F36>85," ",IF(F36>80,"MEDIA",IF(F36<80," ",IF(F36<87," "," ")))) | L36: =IF(F36>85,"X"," ") | M36: HAV | N36: NO | O36: NO
A37: ='[2]Scheda 33'!$F$8 | B37: 33 | C37: ='[2]Scheda 33'!H44 | D37: ='[2]Scheda 33'!I44 | E37: ='[2]Scheda 33'!K44 | F37: ='[2]Scheda 33'!O44 | G37: ='[2]Scheda 33'!O45 | H37: =IF(F37>87,'[2]Scheda 33'!AM$11,"non previsto") | I37: =IF(G37>140,'[2]Scheda 33'!T$41,"non previsto") | J37: =IF(F37<80,"BASSA"," ") | K37: =IF(F37>85," ",IF(F37>80,"X",IF(F37<80," ",IF(F37<87," "," ")))) | L37: =IF(F37>85,"X"," ") | M37: NO | N37: NO | O37: NO
A38: ='[2]Scheda 34'!$F$8 | B38: 34 | C38: ='[2]Scheda 34'!H44 | D38: ='[2]Scheda 34'!I44 | E38: ='[2]Scheda 34'!K44 | F38: ='[2]Scheda 34'!O44 | G38: ='[2]Scheda 34'!O45 | H38: =IF(F38>87,'[2]Scheda 34'!AM$11,"non previsto") | I38: =IF(G38>140,'[2]Scheda 34'!T$41,"non previsto") | J38: =IF(F38<80,"BASSA"," ") | K38: =IF(F38>85," ",IF(F38>80,"X",IF(F38<80," ",IF(F38<87," "," ")))) | L38: =IF(F38>85,"ALTA"," ") | M38: HAV | N38: NO | O38: NO
A39: ='[2]Scheda 35'!$F$8 | B39: 35 | C39: ='[2]Scheda 35'!H44 | D39: ='[2]Scheda 35'!I44 | E39: ='[2]Scheda 35'!K44 | F39: ='[2]Scheda 35'!O44 | G39: ='[2]Scheda 35'!O45 | H39: =IF(F39>87,'[2]Scheda 35'!AM$11,"non previsto") | I39: =IF(G39>140,'[2]Scheda 35'!T$41,"non previsto")
A40: ='[2]Scheda 36'!$F$8 | B40: 36 | C40: ='[2]Scheda 36'!H44 | D40: ='[2]Scheda 36'!I44 | E40: ='[2]Scheda 36'!K44 | F40: ='[2]Scheda 36'!O44 | G40: ='[2]Scheda 36'!O45 | H40: =IF(F40>87,'[2]Scheda 36'!AM$11,"non previsto") | I40: =IF(G40>140,'[2]Scheda 36'!T$41,"non previsto")
A41: ='[2]Scheda 37'!$F$8 | B41: 37 | C41: ='[2]Scheda 4'!H44 | D41: ='[2]Scheda 37'!I44 | E41: ='[2]Scheda 37'!K44 | F41: ='[2]Scheda 37'!O44 | G41: ='[2]Scheda 37'!O45 | H41: =IF(F41>84,'[2]Scheda 37'!AM$11,"non previsto") | I41: =IF(G41>140,'[2]Scheda 37'!T$41,"non previsto")
A42: ='[2]Scheda 38'!$F$8 | B42: 38 | C42: ='[2]Scheda 5'!H44 | D42: ='[2]Scheda 38'!I44 | E42: ='[2]Scheda 38'!K44 | F42: ='[2]Scheda 38'!O44 | G42: ='[2]Scheda 38'!O45 | H42: =IF(F42>87,'[2]Scheda 38'!AM$11,"non previsto") | I42: =IF(G42>540,'[2]Scheda 38'!T$45,"non previsto")
A43: ='[2]Scheda 39'!$F$8 | B43: 39 | C43: ='[2]Scheda 6'!H44 | D43: ='[2]Scheda 39'!I44 | E43: ='[2]Scheda 39'!K44 | F43: ='[2]Scheda 39'!O44 | G43: ='[2]Scheda 39'!O45 | H43: =IF(F43>87,'[2]Scheda 39'!AM$11,"non previsto") | I43: =IF(G43>140,'[2]Scheda 39'!T$41,"non previsto")
A44: ='[2]Scheda 40'!$F$8 | B44: 40 | C44: ='[2]Scheda 40'!H44 | D44: ='[2]Scheda 40'!I44 | E44: ='[2]Scheda 40'!K44 | F44: ='[2]Scheda 40'!O44 | G44: ='[2]Scheda 40'!O45 | H44: =IF(F44>87,'[2]Scheda 40'!AM$11,"non previsto") | I44: =IF(G44>140,'[2]Scheda 40'!T$41,"non previsto")
A45: ='[2]Scheda 41'!$F$8 | B45: 41 | C45: ='[2]Scheda 41'!H44 | D45: ='[2]Scheda 41'!I44 | E45: ='[2]Scheda 41'!K44 | F45: ='[2]Scheda 41'!O44 | G45: ='[2]Scheda 41'!O45 | H45: =IF(F45>87,'[2]Scheda 41'!AM$11,"non previsto") | I45: =IF(G45>140,'[2]Scheda 41'!T$41,"non previsto")
A46: ='[2]Scheda 42'!$F$8 | B46: 42 | C46: ='[2]Scheda 42'!H44 | D46: ='[2]Scheda 42'!I44 | E46: ='[2]Scheda 42'!K44 | F46: ='[2]Scheda 42'!O44 | G46: ='[2]Scheda 42'!O45 | H46: =IF(F46>87,'[2]Scheda 42'!AM$11,"non previsto") | I46: =IF(G46>140,'[2]Scheda 42'!T$41,"non previsto")
A47: ='[2]Scheda 43'!$F$8 | B47: 43 | C47: ='[2]Scheda 43'!H44 | D47: ='[2]Scheda 43'!I44 | E47: ='[2]Scheda 43'!K44 | F47: ='[2]Scheda 43'!O44 | G47: ='[2]Scheda 43'!O45 | H47: =IF(F47>87,'[2]Scheda 43'!AM$11,"non previsto") | I47: =IF(G47>140,'[2]Scheda 43'!T$41,"non previsto")
A48: ='[2]Scheda 44'!$F$8 | B48: 44 | C48: ='[2]Scheda 44'!H44 | D48: ='[2]Scheda 44'!I44 | E48: ='[2]Scheda 44'!K44 | F48: ='[2]Scheda 44'!O44 | G48: ='[2]Scheda 44'!O45 | H48: =IF(F50>87,'[2]Scheda 44'!AM$11,"non previsto") | I48: =IF(G50>140,'[2]Scheda 44'!T$41,"non previsto")
A49: ='[2]Scheda 45'!$F$8 | B49: 45 | C49: ='[2]Scheda 45'!H44 | D49: ='[2]Scheda 45'!I44 | E49: ='[2]Scheda 45'!K44 | F49: ='[2]Scheda 45'!O44 | G49: ='[2]Scheda 45'!O45 | H49: =IF(F49>87,'[2]Scheda 45'!AM$11,"non previsto") | I49: =IF(G49>140,'[2]Scheda 45'!T$41,"non previsto")
A50: ='[2]Scheda 46'!$F$8 | B50: 46 | C50: ='[2]Scheda 46'!H44 | D50: ='[2]Scheda 46'!I44 | E50: ='[2]Scheda 46'!K44 | F50: ='[2]Scheda 46'!O44 | G50: ='[2]Scheda 46'!O45 | H50: =IF(F50>87,'[2]Scheda 46'!AM$11,"non previsto") | I50: =IF(G50>140,'[2]Scheda 46'!T$41,"non previsto")
A51: ='[2]Scheda 47'!$F$8 | B51: 47 | C51: ='[2]Scheda 47'!H44 | D51: ='[2]Scheda 47'!I44 | E51: ='[2]Scheda 47'!K44 | F51: ='[2]Scheda 47'!O44 | G51: ='[2]Scheda 47'!O45 | H51: =IF(F51>87,'[2]Scheda 47'!AM$11,"non previsto") | I51: =IF(G51>140,'[2]Scheda 47'!T$41,"non previsto")
A52: ='[2]Scheda 48'!$F$8 | B52: 48 | C52: ='[2]Scheda 48'!H44 | D52: ='[2]Scheda 48'!I44 | E52: ='[2]Scheda 48'!K44 | F52: ='[2]Scheda 48'!O44 | G52: ='[2]Scheda 48'!O45 | H52: =IF(F52>87,'[2]Scheda 48'!AM$11,"non previsto") | I52: =IF(G52>140,'[2]Scheda 48'!T$41,"non previsto")
A53: ='[2]Scheda 49'!$F$8 | B53: 49 | C53: ='[2]Scheda 49'!H44 | D53: ='[2]Scheda 49'!I44 | E53: ='[2]Scheda 49'!K44 | F53: ='[2]Scheda 49'!O44 | G53: ='[2]Scheda 49'!O45 | H53: =IF(F53>87,'[2]Scheda 49'!AM$11,"non previsto") | I53: =IF(G53>140,'[2]Scheda 49'!T$41,"non previsto")
A54: ='[2]Scheda 50'!$F$8 | B54: 50 | C54: ='[2]Scheda 50'!H44 | D54: ='[2]Scheda 50'!I44 | E54: ='[2]Scheda 50'!K44 | F54: ='[2]Scheda 50'!O44 | G54: ='[2]Scheda 50'!O45 | H54: =IF(F54>87,'[2]Scheda 50'!AM$11,"non previsto") | I54: =IF(G54>140,'[2]Scheda 50'!T$41,"non previsto")
A56: (*) valutate nella relazione specifica delle vibrazioni.
A57: (**) Valore con otoprotettore indossato.

Sheet Tab-Mis (3)
A1: TITOLO VIII - Capo II del D.Lgs 81/2008 -- VALUTAZIONE DELL'ESPOSIZIONE AD AGENTI FISICI (RUMORE) -- "ALLEGATO 1 - TABELLA MISURE" | C1: TITOLO VIII - Capo II del D.Lgs 81/2008 -- VALUTAZIONE DELL'ESPOSIZIONE AD AGENTI FISICI (RUMORE) -- ALLEGATO 1 - TABELLA MISURE (UNI EN ISO 9612:2011 e UNI 9432:2011) | AU1: Verifica idoneità D.P.I. per sorgente sonora (anche in conformità all'art. 191. c.1 D.Lgs 81/08)
A3: Cod. PKL. | B3: ID | C3: Categoria | D3: Marca | E3: Modello | F3: Lavorazione e caratterisitche macchina attrezzatura | G3: Data Misurazioni | H3: Strategia di misura COMPITO MANSIONI GIORNATA | I3: Tipo di rumore | N3: PPEAK(C) + U(Lpicco,C) | O3: LAEQ,Tp | P3: LCEQ,TP | Q3: MISURA n°1 | W3: MISURA n°2 | AA3: MISURA n°3 | AE3: MISURA n°4 | AI3: MISURA n°5 | AM3: MISURA n°6 | AQ3: Necessità di perimetrazione dell'area | AR3: T max Inf. | AS3: T max Sup. | AT3: T max Lim. | AU3: ='DPI art.191'!B2 | AV3: ='DPI art.191'!C2 | AW3: ='DPI art.191'!D2 | AX3: ='DPI art.191'!B4 | AY3: ='DPI art.191'!C4 | AZ3: ='DPI art.191'!D4 | BA3: ='DPI art.191'!B6 | BB3: ='DPI art.191'!C6 | BC3: ='DPI art.191'!D6 | BD3: ='DPI art.191'!B8 | BE3: ='DPI art.191'!C8 | BF3: ='DPI art.191'!D8 | BG3: Esponenziale Lp,A,eq,tm | BM3: Differenza Leq medio - Leq,i | BU3: Quadrati degli scarti Leq medio - Leq,i
I4: I | J4: F | K4: S | L4: C | M4: U1a,m | Q4: Sec. | R4: LAeq,T | S4: LCeq,T | T4: Lpicco,C | U4: LAS(t) | V4: LAeq,I,T | W4: Sec. | X4: LAeq,T | Y4: LCeq,T | Z4: Lpicco,C | AA4: Sec. | AB4: LAeq,T | AC4: LCeq,T | AD4: Lpicco,C | AE4: Sec. | AF4: LAeq,T | AG4: LCeq,T | AH4: Lpicco,C | AI4: Sec. | AJ4: LAeq,T | AK4: LCeq,T | AL4: Lpicco,C | AM4: Sec. | AN4: LAeq,T | AO4: LCeq,T | AP4: Lpicco,C | AU4: PNR | AV4: L'Aeq,T | AW4: Picco | AX4: PNR | AY4: L'Aeq,T | AZ4: Picco | BA4: PNR | BB4: L'Aeq,T | BC4: Picco | BD4: PNR | BE4: L'Aeq,T | BF4: Picco | BG4: 1 | BH4: 2 | BI4: 3 | BJ4: 4 | BK4: 5 | BL4: 6 | BM4: 1 | BN4: 2 | BO4: 3 | BP4: 4 | BQ4: 5 | BR4: 6 | BS4: N°campioni | BT4: U1a (I terrm.) | BU4: 1 | BV4: 2 | BW4: 3 | BX4: 4 | BY4: 5 | BZ4: 6
B5: ⌂
A6: Gualdo 1 | B6: W1 | C6: Fresa diritta | D6: URYU | E6: UG-65 | F6: Molatura con mola assiale | G6: 45996 | H6: Compito | I6: =IF((V6-R6)>3,"SI","") | J6: SI | M6: =IF(R6>0,(SQRT(BT6*(SUM(BU6:BZ6)))),"") | N6: =IF(T6>0,(MAX(T6,Z6,AD6,AH6,AL6,AP6))+SQRT(1.2^2+1^2),"") | O6: =IF(R6="",0,10*LOG10(SUM(BG6:BL6)/(COUNT(R6,X6,AB6,AF6,AJ6,AN6)))) | P6: =IF(AND(Y6="",AC6="",AG6="",AK6="",AO6=""),S6,AVERAGE(S6,Y6,AC6,AG6,AK6,AO6)+STDEV(S6,Y6,AC6,AG6,AK6,AO6)) | Q6: 300 | R6: 98.6 | S6: 98.3 | T6: 120.7 | W6: 300 | X6: 98.6 | Y6: 97.8 | Z6: 119.4 | AA6: 300 | AB6: 98.1 | AC6: 96.9 | AD6: 117.8 | AE6: 300 | AF6: 93.7 | AG6: 93.1 | AH6: 117.2 | AI6: 300 | AJ6: 100.3 | AK6: 99.2 | AL6: 116 | AM6: 300 | AN6: 96.8 | AO6: 95.6 | AP6: 120.8 | AQ6: =IF(AND((O6)<85,N6<137),"NO","SI") | AR6: =IF((480*(10^(7.95-(O6/10))))<480,480*(10^(7.95-(O6/10))),480) | AS6: =IF((480*(10^(8.45-(O6/10))))<480,480*(10^(8.45-(O6/10))),480) | AT6: =IF((480*(10^(8.65-(O6/10))))<480,480*(10^(8.65-(O6/10))),480) | AU6: =IF(O6<80,"0",IF((P6-O6)<=2,('DPI art.191'!$G$3-(('DPI art.191'!$F$3-'DPI art.191'!$G$3)/4)*(P6-O6-2)),('DPI art.191'!$G$3-(('DPI art.191'!$F$3-'DPI art.191'!$H$3)/8)*(P6-O6-2)))) | AV6: =O6-AU6 | AW6: =IF(N6<135,N6,N6-'DPI art.191'!$I$3) | AX6: =IF(I6<80,"0",IF((J6-I6)<=2,('DPI art.191'!$G$7-(('DPI art.191'!$F$7-'DPI art.191'!$G$7)/4)*(I6-J6-2)),('DPI art.191'!$G$7-(('DPI art.191'!$G$7-'DPI art.191'!$H$7)/8)*(J6-I6-2)))) | AY6: =I6-AX6 | AZ6: =IF(H6<135,H6,H6-'DPI art.191'!$I$7) | BA6: =IF(O6<80,"0",IF((P6-O6)<=2,('DPI art.191'!$G$5-(('DPI art.191'!$F$5-'DPI art.191'!$G$5)/4)*(P6-O6-2)),('DPI art.191'!$G$5-(('DPI art.191'!$G$5-'DPI art.191'!$H$5)/8)*(P6-O6-2)))) | BB6: =R6-BA6 | BC6: =IF(N6<135,N6,N6-'DPI art.191'!$I$5) | BD6: =IF(O6<80,"0",IF((P6-O6)<=2,('DPI art.191'!$G$7-(('DPI art.191'!$F$7-'DPI art.191'!$G$7)/4)*(O6-P6-2)),('DPI art.191'!$G$7-(('DPI art.191'!$G$7-'DPI art.191'!$H$7)/8)*(P6-O6-2)))) | BE6: =O6-BD6 | BF6: =IF(N6<135,N6,N6-'DPI art.191'!$I$7) | BG6: =10^(0.1*R6) | BH6: =10^(0.1*X6) | BI6: =10^(0.1*AB6) | BJ6: =10^(0.1*AF6) | BK6: =10^(0.1*AJ6) | BL6: =10^(0.1*AN6) | BM6: =IF(R6>0,(O6-R6),"") | BN6: =IF(X6>0,(O6-X6),"") | BO6: =IF(AB6>0,(O6-AB6),"") | BP6: =IF(AF6>0,(O6-AF6),"") | BQ6: =IF(AJ6>0,(O6-AJ6),"") | BR6: =IF(AN6>0,(O6-AN6),"") | BS6: =COUNT(BM6:BR6) | BT6: =IF(BS6=0,0,IF(BS6=1,0,1/(BS6*(BS6-1)))) | BU6: =IF(R6>0,(BM6^2),"") | BV6: =IF(X6>0,(BN6^2),"") | BW6: =IF(AB6>0,(BO6^2),"") | BX6: =IF(AF6>0,(BP6^2),"") | BY6: =IF(AJ6>0,(BQ6^2),"") | BZ6: =IF(AN6>0,(BR6^2),"")
A7: 024/B/PRS767 | B7: W2 | C7: Saldatrice a filo | D7: MILLER | E7: Pipeworx 400 Power - Pipeworx Dual Bench Feeder | F7: Saldatura | G7: 45996 | H7: Compito | I7: =IF((V7-R7)>3,"SI","") | J7: SI | M7: =IF(R7>0,(SQRT(BT7*(SUM(BU7:BZ7)))),"") | N7: =IF(T7>0,(MAX(T7,Z7,AD7,AH7,AL7,AP7))+SQRT(1.2^2+1^2),"") | O7: =IF(R7="",0,10*LOG10(SUM(BG7:BL7)/(COUNT(R7,X7,AB7,AF7,AJ7,AN7)))) | P7: =IF(AND(Y7="",AC7="",AG7="",AK7="",AO7=""),S7,AVERAGE(S7,Y7,AC7,AG7,AK7,AO7)+STDEV(S7,Y7,AC7,AG7,AK7,AO7)) | Q7: 300 | R7: 88.7 | S7: 87.9 | T7: 118.3 | W7: 300 | X7: 91.9 | Y7: 91.4 | Z7: 116.7 | AA7: 300 | AB7: 80.5 | AC7: 82.8 | AD7: 113.7 | AE7: 300 | AF7: 90.3 | AG7: 90.3 | AH7: 117.7 | AI7: 300 | AJ7: 93.4 | AK7: 92.7 | AL7: 117.5 | AM7: 300 | AN7: 98 | AO7: 96.6 | AP7: 122.9 | AQ7: =IF(AND((O7)<85,N7<137),"NO","SI") | AR7: =IF((480*(10^(7.95-(O7/10))))<480,480*(10^(7.95-(O7/10))),480) | AS7: =IF((480*(10^(8.45-(O7/10))))<480,480*(10^(8.45-(O7/10))),480) | AT7: =IF((480*(10^(8.65-(O7/10))))<480,480*(10^(8.65-(O7/10))),480) | AU7: =IF(O7<80,"0",IF((P7-O7)<=2,('DPI art.191'!$G$3-(('DPI art.191'!$F$3-'DPI art.191'!$G$3)/4)*(P7-O7-2)),('DPI art.191'!$G$3-(('DPI art.191'!$F$3-'DPI art.191'!$H$3)/8)*(P7-O7-2)))) | AV7: =O7-AU7 | AW7: =IF(N7<135,N7,N7-'DPI art.191'!$I$3) | AX7: =IF(I7<80,"0",IF((J7-I7)<=2,('DPI art.191'!$G$7-(('DPI art.191'!$F$7-'DPI art.191'!$G$7)/4)*(I7-J7-2)),('DPI art.191'!$G$7-(('DPI art.191'!$G$7-'DPI art.191'!$H$7)/8)*(J7-I7-2)))) | AY7: =I7-AX7 | AZ7: =IF(H7<135,H7,H7-'DPI art.191'!$I$7) | BA7: =IF(O7<80,"0",IF((P7-O7)<=2,('DPI art.191'!$G$5-(('DPI art.191'!$F$5-'DPI art.191'!$G$5)/4)*(P7-O7-2)),('DPI art.191'!$G$5-(('DPI art.191'!$G$5-'DPI art.191'!$H$5)/8)*(P7-O7-2)))) | BB7: =R7-BA7 | BC7: =IF(N7<135,N7,N7-'DPI art.191'!$I$5) | BD7: =IF(O7<80,"0",IF((P7-O7)<=2,('DPI art.191'!$G$7-(('DPI art.191'!$F$7-'DPI art.191'!$G$7)/4)*(O7-P7-2)),('DPI art.191'!$G$7-(('DPI art.191'!$G$7-'DPI art.191'!$H$7)/8)*(P7-O7-2)))) | BE7: =O7-BD7 | BF7: =IF(N7<135,N7,N7-'DPI art.191'!$I$7) | BG7: =10^(0.1*R7) | BH7: =10^(0.1*X7) | BI7: =10^(0.1*AB7) | BJ7: =10^(0.1*AF7) | BK7: =10^(0.1*AJ7) | BL7: =10^(0.1*AN7) | BM7: =IF(R7>0,(O7-R7),"") | BN7: =IF(X7>0,(O7-X7),"") | BO7: =IF(AB7>0,(O7-AB7),"") | BP7: =IF(AF7>0,(O7-AF7),"") | BQ7: =IF(AJ7>0,(O7-AJ7),"") | BR7: =IF(AN7>0,(O7-AN7),"") | BS7: =COUNT(BM7:BR7) | BT7: =IF(BS7=0,0,IF(BS7=1,0,1/(BS7*(BS7-1)))) | BU7: =IF(R7>0,(BM7^2),"") | BV7: =IF(X7>0,(BN7^2),"") | BW7: =IF(AB7>0,(BO7^2),"") | BX7: =IF(AF7>0,(BP7^2),"") | BY7: =IF(AJ7>0,(BQ7^2),"") | BZ7: =IF(AN7>0,(BR7^2),"")
A8: 017/1241 | B8: W3 | C8: Mola piccola | D8: FEIN | E8: GC17 | F8: Molatura con mola piccola | G8: 45996 | H8: Compito | I8: =IF((V8-R8)>3,"SI","") | J8: SI | M8: =IF(R8>0,(SQRT(BT8*(SUM(BU8:BZ8)))),"") | N8: =IF(T8>0,(MAX(T8,Z8,AD8,AH8,AL8,AP8))+SQRT(1.2^2+1^2),"") | O8: =IF(R8="",0,10*LOG10(SUM(BG8:BL8)/(COUNT(R8,X8,AB8,AF8,AJ8,AN8)))) | P8: =IF(AND(Y8="",AC8="",AG8="",AK8="",AO8=""),S8,AVERAGE(S8,Y8,AC8,AG8,AK8,AO8)+STDEV(S8,Y8,AC8,AG8,AK8,AO8)) | Q8: 300 | R8: 93.9 | S8: 93.9 | T8: 121.1 | W8: 300 | X8: 92.9 | Y8: 92.6 | Z8: 119.6 | AA8: 300 | AB8: 98.3 | AC8: 98.4 | AD8: 124.2 | AE8: 300 | AF8: 97.7 | AG8: 96.5 | AH8: 126.1 | AI8: 300 | AJ8: 102.7 | AK8: 101.2 | AL8: 120.5 | AM8: 300 | AN8: 98.5 | AO8: 97 | AP8: 120.3 | AQ8: =IF(AND((O8)<85,N8<137),"NO","SI") | AR8: =IF((480*(10^(7.95-(O8/10))))<480,480*(10^(7.95-(O8/10))),480) | AS8: =IF((480*(10^(8.45-(O8/10))))<480,480*(10^(8.45-(O8/10))),480) | AT8: =IF((480*(10^(8.65-(O8/10))))<480,480*(10^(8.65-(O8/10))),480) | AU8: =IF(O8<80,"0",IF((P8-O8)<=2,('DPI art.191'!$G$3-(('DPI art.191'!$F$3-'DPI art.191'!$G$3)/4)*(P8-O8-2)),('DPI art.191'!$G$3-(('DPI art.191'!$F$3-'DPI art.191'!$H$3)/8)*(P8-O8-2)))) | AV8: =O8-AU8 | AW8: =IF(N8<135,N8,N8-'DPI art.191'!$I$3) | AX8: =IF(I8<80,"0",IF((J8-I8)<=2,('DPI art.191'!$G$7-(('DPI art.191'!$F$7-'DPI art.191'!$G$7)/4)*(I8-J8-2)),('DPI art.191'!$G$7-(('DPI art.191'!$G$7-'DPI art.191'!$H$7)/8)*(J8-I8-2)))) | AY8: =I8-AX8 | AZ8: =IF(H8<135,H8,H8-'DPI art.191'!$I$7) | BA8: =IF(O8<80,"0",IF((P8-O8)<=2,('DPI art.191'!$G$5-(('DPI art.191'!$F$5-'DPI art.191'!$G$5)/4)*(P8-O8-2)),('DPI art.191'!$G$5-(('DPI art.191'!$G$5-'DPI art.191'!$H$5)/8)*(P8-O8-2)))) | BB8: =R8-BA8 | BC8: =IF(N8<135,N8,N8-'DPI art.191'!$I$5) | BD8: =IF(O8<80,"0",IF((P8-O8)<=2,('DPI art.191'!$G$7-(('DPI art.191'!$F$7-'DPI art.191'!$G$7)/4)*(O8-P8-2)),('DPI art.191'!$G$7-(('DPI art.191'!$G$7-'DPI art.191'!$H$7)/8)*(P8-O8-2)))) | BE8: =O8-BD8 | BF8: =IF(N8<135,N8,N8-'DPI art.191'!$I$7) | BG8: =10^(0.1*R8) | BH8: =10^(0.1*X8) | BI8: =10^(0.1*AB8) | BJ8: =10^(0.1*AF8) | BK8: =10^(0.1*AJ8) | BL8: =10^(0.1*AN8) | BM8: =IF(R8>0,(O8-R8),"") | BN8: =IF(X8>0,(O8-X8),"") | BO8: =IF(AB8>0,(O8-AB8),"") | BP8: =IF(AF8>0,(O8-AF8),"") | BQ8: =IF(AJ8>0,(O8-AJ8),"") | BR8: =IF(AN8>0,(O8-AN8),"") | BS8: =COUNT(BM8:BR8) | BT8: =IF(BS8=0,0,IF(BS8=1,0,1/(BS8*(BS8-1)))) | BU8: =IF(R8>0,(BM8^2),"") | BV8: =IF(X8>0,(BN8^2),"") | BW8: =IF(AB8>0,(BO8^2),"") | BX8: =IF(AF8>0,(BP8^2),"") | BY8: =IF(AJ8>0,(BQ8^2),"") | BZ8: =IF(AN8>0,(BR8^2),"")
A9: 275/07 | B9: W4 | C9: Smussatrice | D9: TRIUMPH | E9: UZ 50 | F9: Smussatura | G9: 45996 | H9: Compito | I9: =IF((V9-R9)>3,"SI","") | J9: SI | M9: =IF(R9>0,(SQRT(BT9*(SUM(BU9:BZ9)))),"") | N9: =IF(T9>0,(MAX(T9,Z9,AD9,AH9,AL9,AP9))+SQRT(1.2^2+1^2),"") | O9: =IF(R9="",0,10*LOG10(SUM(BG9:BL9)/(COUNT(R9,X9,AB9,AF9,AJ9,AN9)))) | P9: =IF(AND(Y9="",AC9="",AG9="",AK9="",AO9=""),S9,AVERAGE(S9,Y9,AC9,AG9,AK9,AO9)+STDEV(S9,Y9,AC9,AG9,AK9,AO9)) | Q9: 300 | R9: 94.5 | S9: 95 | T9: 121.2 | W9: 300 | X9: 91.8 | Y9: 92.6 | Z9: 115.9 | AA9: 300 | AB9: 92.3 | AC9: 92.9 | AD9: 117.4 | AE9: 300 | AF9: 94.5 | AG9: 94 | AH9: 121.1 | AI9: 300 | AJ9: 93.5 | AK9: 95 | AL9: 121.4 | AM9: 300 | AN9: 94.6 | AO9: 94.2 | AP9: 121.2 | AQ9: =IF(AND((O9)<85,N9<137),"NO","SI") | AR9: =IF((480*(10^(7.95-(O9/10))))<480,480*(10^(7.95-(O9/10))),480) | AS9: =IF((480*(10^(8.45-(O9/10))))<480,480*(10^(8.45-(O9/10))),480) | AT9: =IF((480*(10^(8.65-(O9/10))))<480,480*(10^(8.65-(O9/10))),480) | AU9: =IF(O9<80,"0",IF((P9-O9)<=2,('DPI art.191'!$G$3-(('DPI art.191'!$F$3-'DPI art.191'!$G$3)/4)*(P9-O9-2)),('DPI art.191'!$G$3-(('DPI art.191'!$F$3-'DPI art.191'!$H$3)/8)*(P9-O9-2)))) | AV9: =O9-AU9 | AW9: =IF(N9<135,N9,N9-'DPI art.191'!$I$3) | AX9: =IF(I9<80,"0",IF((J9-I9)<=2,('DPI art.191'!$G$7-(('DPI art.191'!$F$7-'DPI art.191'!$G$7)/4)*(I9-J9-2)),('DPI art.191'!$G$7-(('DPI art.191'!$G$7-'DPI art.191'!$H$7)/8)*(J9-I9-2)))) | AY9: =I9-AX9 | AZ9: =IF(H9<135,H9,H9-'DPI art.191'!$I$7) | BA9: =IF(O9<80,"0",IF((P9-O9)<=2,('DPI art.191'!$G$5-(('DPI art.191'!$F$5-'DPI art.191'!$G$5)/4)*(P9-O9-2)),('DPI art.191'!$G$5-(('DPI art.191'!$G$5-'DPI art.191'!$H$5)/8)*(P9-O9-2)))) | BB9: =R9-BA9 | BC9: =IF(N9<135,N9,N9-'DPI art.191'!$I$5) | BD9: =IF(O9<80,"0",IF((P9-O9)<=2,('DPI art.191'!$G$7-(('DPI art.191'!$F$7-'DPI art.191'!$G$7)/4)*(O9-P9-2)),('DPI art.191'!$G$7-(('DPI art.191'!$G$7-'DPI art.191'!$H$7)/8)*(P9-O9-2)))) | BE9: =O9-BD9 | BF9: =IF(N9<135,N9,N9-'DPI art.191'!$I$7) | BG9: =10^(0.1*R9) | BH9: =10^(0.1*X9) | BI9: =10^(0.1*AB9) | BJ9: =10^(0.1*AF9) | BK9: =10^(0.1*AJ9) | BL9: =10^(0.1*AN9) | BM9: =IF(R9>0,(O9-R9),"") | BN9: =IF(X9>0,(O9-X9),"") | BO9: =IF(AB9>0,(O9-AB9),"") | BP9: =IF(AF9>0,(O9-AF9),"") | BQ9: =IF(AJ9>0,(O9-AJ9),"") | BR9: =IF(AN9>0,(O9-AN9),"") | BS9: =COUNT(BM9:BR9) | BT9: =IF(BS9=0,0,IF(BS9=1,0,1/(BS9*(BS9-1)))) | BU9: =IF(R9>0,(BM9^2),"") | BV9: =IF(X9>0,(BN9^2),"") | BW9: =IF(AB9>0,(BO9^2),"") | BX9: =IF(AF9>0,(BP9^2),"") | BY9: =IF(AJ9>0,(BQ9^2),"") | BZ9: =IF(AN9>0,(BR9^2),"")
A10: 017/1419 | B10: W5 | C10: Mola piccola | D10: FEIN | E10: CG17-150 | F10: Molatura con mola piccola | G10: 45996 | H10: Compito | I10: =IF((V10-R10)>3,"SI","") | J10: SI | M10: =IF(R10>0,(SQRT(BT10*(SUM(BU10:BZ10)))),"") | N10: =IF(T10>0,(MAX(T10,Z10,AD10,AH10,AL10,AP10))+SQRT(1.2^2+1^2),"") | O10: =IF(R10="",0,10*LOG10(SUM(BG10:BL10)/(COUNT(R10,X10,AB10,AF10,AJ10,AN10)))) | P10: =IF(AND(Y10="",AC10="",AG10="",AK10="",AO10=""),S10,AVERAGE(S10,Y10,AC10,AG10,AK10,AO10)+STDEV(S10,Y10,AC10,AG10,AK10,AO10)) | Q10: 300 | R10: 103 | S10: 101.5 | T10: 125.9 | W10: 300 | X10: 101.8 | Y10: 100.2 | Z10: 130.5 | AA10: 300 | AB10: 98.3 | AC10: 96.8 | AD10: 125.9 | AE10: 300 | AF10: 106.3 | AG10: 104.7 | AH10: 125.3 | AI10: 300 | AJ10: 105.5 | AK10: 104 | AL10: 128.3 | AM10: 300 | AN10: 95.6 | AO10: 94.5 | AP10: 124.3 | AQ10: =IF(AND((O10)<85,N10<137),"NO","SI") | AR10: =IF((480*(10^(7.95-(O10/10))))<480,480*(10^(7.95-(O10/10))),480) | AS10: =IF((480*(10^(8.45-(O10/10))))<480,480*(10^(8.45-(O10/10))),480) | AT10: =IF((480*(10^(8.65-(O10/10))))<480,480*(10^(8.65-(O10/10))),480) | AU10: =IF(O10<80,"0",IF((P10-O10)<=2,('DPI art.191'!$G$3-(('DPI art.191'!$F$3-'DPI art.191'!$G$3)/4)*(P10-O10-2)),('DPI art.191'!$G$3-(('DPI art.191'!$F$3-'DPI art.191'!$H$3)/8)*(P10-O10-2)))) | AV10: =O10-AU10 | AW10: =IF(N10<135,N10,N10-'DPI art.191'!$I$3) | AX10: =IF(I10<80,"0",IF((J10-I10)<=2,('DPI art.191'!$G$7-(('DPI art.191'!$F$7-'DPI art.191'!$G$7)/4)*(I10-J10-2)),('DPI art.191'!$G$7-(('DPI art.191'!$G$7-'DPI art.191'!$H$7)/8)*(J10-I10-2)))) | AY10: =I10-AX10 | AZ10: =IF(H10<135,H10,H10-'DPI art.191'!$I$7) | BA10: =IF(O10<80,"0",IF((P10-O10)<=2,('DPI art.191'!$G$5-(('DPI art.191'!$F$5-'DPI art.191'!$G$5)/4)*(P10-O10-2)),('DPI art.191'!$G$5-(('DPI art.191'!$G$5-'DPI art.191'!$H$5)/8)*(P10-O10-2)))) | BB10: =R10-BA10 | BC10: =IF(N10<135,N10,N10-'DPI art.191'!$I$5) | BD10: =IF(O10<80,"0",IF((P10-O10)<=2,('DPI art.191'!$G$7-(('DPI art.191'!$F$7-'DPI art.191'!$G$7)/4)*(O10-P10-2)),('DPI art.191'!$G$7-(('DPI art.191'!$G$7-'DPI art.191'!$H$7)/8)*(P10-O10-2)))) | BE10: =O10-BD10 | BF10: =IF(N10<135,N10,N10-'DPI art.191'!$I$7) | BG10: =10^(0.1*R10) | BH10: =10^(0.1*X10) | BI10: =10^(0.1*AB10) | BJ10: =10^(0.1*AF10) | BK10: =10^(0.1*AJ10) | BL10: =10^(0.1*AN10) | BM10: =IF(R10>0,(O10-R10),"") | BN10: =IF(X10>0,(O10-X10),"") | BO10: =IF(AB10>0,(O10-AB10),"") | BP10: =IF(AF10>0,(O10-AF10),"") | BQ10: =IF(AJ10>0,(O10-AJ10),"") | BR10: =IF(AN10>0,(O10-AN10),"") | BS10: =COUNT(BM10:BR10) | BT10: =IF(BS10=0,0,IF(BS10=1,0,1/(BS10*(BS10-1)))) | BU10: =IF(R10>0,(BM10^2),"") | BV10: =IF(X10>0,(BN10^2),"") | BW10: =IF(AB10>0,(BO10^2),"") | BX10: =IF(AF10>0,(BP10^2),"") | BY10: =IF(AJ10>0,(BQ10^2),"") | BZ10: =IF(AN10>0,(BR10^2),"")
A11: 024/B/PRS809 | B11: W6 | C11: Saldatrice a filo | D11: ESAB | E11: ARISTO 500X | F11: Saldatura interna gambe in piattaforma | G11: 45996 | H11: Compito | I11: =IF((V11-R11)>3,"SI","") | J11: SI | M11: =IF(R11>0,(SQRT(BT11*(SUM(BU11:BZ11)))),"") | N11: =IF(T11>0,(MAX(T11,Z11,AD11,AH11,AL11,AP11))+SQRT(1.2^2+1^2),"") | O11: =IF(R11="",0,10*LOG10(SUM(BG11:BL11)/(COUNT(R11,X11,AB11,AF11,AJ11,AN11)))) | P11: =IF(AND(Y11="",AC11="",AG11="",AK11="",AO11=""),S11,AVERAGE(S11,Y11,AC11,AG11,AK11,AO11)+STDEV(S11,Y11,AC11,AG11,AK11,AO11)) | Q11: 300 | R11: 86.1 | S11: 88.1 | T11: 125.6 | W11: 300 | X11: 84.4 | Y11: 87.9 | Z11: 123 | AA11: 300 | AB11: 87.3 | AC11: 89.9 | AD11: 119.6 | AE11: 300 | AF11: 102.5 | AG11: 101.1 | AH11: 127.5 | AI11: 300 | AJ11: 89.8 | AK11: 90 | AL11: 115.4 | AM11: 300 | AN11: 85.9 | AO11: 86.1 | AP11: 121.3 | AQ11: =IF(AND((O11)<85,N11<137),"NO","SI") | AR11: =IF((480*(10^(7.95-(O11/10))))<480,480*(10^(7.95-(O11/10))),480) | AS11: =IF((480*(10^(8.45-(O11/10))))<480,480*(10^(8.45-(O11/10))),480) | AT11: =IF((480*(10^(8.65-(O11/10))))<480,480*(10^(8.65-(O11/10))),480) | AU11: =IF(O11<80,"0",IF((P11-O11)<=2,('DPI art.191'!$G$3-(('DPI art.191'!$F$3-'DPI art.191'!$G$3)/4)*(P11-O11-2)),('DPI art.191'!$G$3-(('DPI art.191'!$F$3-'DPI art.191'!$H$3)/8)*(P11-O11-2)))) | AV11: =O11-AU11 | AW11: =IF(N11<135,N11,N11-'DPI art.191'!$I$3) | AX11: =IF(I11<80,"0",IF((J11-I11)<=2,('DPI art.191'!$G$7-(('DPI art.191'!$F$7-'DPI art.191'!$G$7)/4)*(I11-J11-2)),('DPI art.191'!$G$7-(('DPI art.191'!$G$7-'DPI art.191'!$H$7)/8)*(J11-I11-2)))) | AY11: =I11-AX11 | AZ11: =IF(H11<135,H11,H11-'DPI art.191'!$I$7) | BA11: =IF(O11<80,"0",IF((P11-O11)<=2,('DPI art.191'!$G$5-(('DPI art.191'!$F$5-'DPI art.191'!$G$5)/4)*(P11-O11-2)),('DPI art.191'!$G$5-(('DPI art.191'!$G$5-'DPI art.191'!$H$5)/8)*(P11-O11-2)))) | BB11: =R11-BA11 | BC11: =IF(N11<135,N11,N11-'DPI art.191'!$I$5) | BD11: =IF(O11<80,"0",IF((P11-O11)<=2,('DPI art.191'!$G$7-(('DPI art.191'!$F$7-'DPI art.191'!$G$7)/4)*(O11-P11-2)),('DPI art.191'!$G$7-(('DPI art.191'!$G$7-'DPI art.191'!$H$7)/8)*(P11-O11-2)))) | BE11: =O11-BD11 | BF11: =IF(N11<135,N11,N11-'DPI art.191'!$I$7) | BG11: =10^(0.1*R11) | BH11: =10^(0.1*X11) | BI11: =10^(0.1*AB11) | BJ11: =10^(0.1*AF11) | BK11: =10^(0.1*AJ11) | BL11: =10^(0.1*AN11) | BM11: =IF(R11>0,(O11-R11),"") | BN11: =IF(X11>0,(O11-X11),"") | BO11: =IF(AB11>0,(O11-AB11),"") | BP11: =IF(AF11>0,(O11-AF11),"") | BQ11: =IF(AJ11>0,(O11-AJ11),"") | BR11: =IF(AN11>0,(O11-AN11),"") | BS11: =COUNT(BM11:BR11) | BT11: =IF(BS11=0,0,IF(BS11=1,0,1/(BS11*(BS11-1)))) | BU11: =IF(R11>0,(BM11^2),"") | BV11: =IF(X11>0,(BN11^2),"") | BW11: =IF(AB11>0,(BO11^2),"") | BX11: =IF(AF11>0,(BP11^2),"") | BY11: =IF(AJ11>0,(BQ11^2),"") | BZ11: =IF(AN11>0,(BR11^2),"")
A12: 458/30 | B12: W7 | C12: Carrello elevatore | D12: KALMAR | E12: DCG160-12 | F12: Movimentazione con carrello elevatore | G12: 45996 | H12: Compito | I12: =IF((V12-R12)>3,"SI","") | J12: SI | M12: =IF(R12>0,(SQRT(BT12*(SUM(BU12:BZ12)))),"") | N12: =IF(T12>0,(MAX(T12,Z12,AD12,AH12,AL12,AP12))+SQRT(1.2^2+1^2),"") | O12: =IF(R12="",0,10*LOG10(SUM(BG12:BL12)/(COUNT(R12,X12,AB12,AF12,AJ12,AN12)))) | P12: =IF(AND(Y12="",AC12="",AG12="",AK12="",AO12=""),S12,AVERAGE(S12,Y12,AC12,AG12,AK12,AO12)+STDEV(S12,Y12,AC12,AG12,AK12,AO12)) | Q12: 300 | R12: 84.5 | S12: 94 | T12: 128 | W12: 300 | X12: 74.6 | Y12: 92.8 | Z12: 109.5 | AA12: 300 | AB12: 72.7 | AC12: 93.9 | AD12: 111.1 | AE12: 300 | AF12: 77 | AG12: 91.2 | AH12: 121.1 | AI12: 300 | AJ12: 83.3 | AK12: 92.1 | AL12: 117.1 | AM12: 300 | AN12: 72.2 | AO12: 87.8 | AP12: 116.4 | AQ12: =IF(AND((O12)<85,N12<137),"NO","SI") | AR12: =IF((480*(10^(7.95-(O12/10))))<480,480*(10^(7.95-(O12/10))),480) | AS12: =IF((480*(10^(8.45-(O12/10))))<480,480*(10^(8.45-(O12/10))),480) | AT12: =IF((480*(10^(8.65-(O12/10))))<480,480*(10^(8.65-(O12/10))),480) | AU12: =IF(O12<80,"0",IF((P12-O12)<=2,('DPI art.191'!$G$3-(('DPI art.191'!$F$3-'DPI art.191'!$G$3)/4)*(P12-O12-2)),('DPI art.191'!$G$3-(('DPI art.191'!$F$3-'DPI art.191'!$H$3)/8)*(P12-O12-2)))) | AV12: =O12-AU12 | AW12: =IF(N12<135,N12,N12-'DPI art.191'!$I$3) | AX12: =IF(I12<80,"0",IF((J12-I12)<=2,('DPI art.191'!$G$7-(('DPI art.191'!$F$7-'DPI art.191'!$G$7)/4)*(I12-J12-2)),('DPI art.191'!$G$7-(('DPI art.191'!$G$7-'DPI art.191'!$H$7)/8)*(J12-I12-2)))) | AY12: =I12-AX12 | AZ12: =IF(H12<135,H12,H12-'DPI art.191'!$I$7) | BA12: =IF(O12<80,"0",IF((P12-O12)<=2,('DPI art.191'!$G$5-(('DPI art.191'!$F$5-'DPI art.191'!$G$5)/4)*(P12-O12-2)),('DPI art.191'!$G$5-(('DPI art.191'!$G$5-'DPI art.191'!$H$5)/8)*(P12-O12-2)))) | BB12: =R12-BA12 | BC12: =IF(N12<135,N12,N12-'DPI art.191'!$I$5) | BD12: =IF(O12<80,"0",IF((P12-O12)<=2,('DPI art.191'!$G$7-(('DPI art.191'!$F$7-'DPI art.191'!$G$7)/4)*(O12-P12-2)),('DPI art.191'!$G$7-(('DPI art.191'!$G$7-'DPI art.191'!$H$7)/8)*(P12-O12-2)))) | BE12: =O12-BD12 | BF12: =IF(N12<135,N12,N12-'DPI art.191'!$I$7) | BG12: =10^(0.1*R12) | BH12: =10^(0.1*X12) | BI12: =10^(0.1*AB12) | BJ12: =10^(0.1*AF12) | BK12: =10^(0.1*AJ12) | BL12: =10^(0.1*AN12) | BM12: =IF(R12>0,(O12-R12),"") | BN12: =IF(X12>0,(O12-X12),"") | BO12: =IF(AB12>0,(O12-AB12),"") | BP12: =IF(AF12>0,(O12-AF12),"") | BQ12: =IF(AJ12>0,(O12-AJ12),"") | BR12: =IF(AN12>0,(O12-AN12),"") | BS12: =COUNT(BM12:BR12) | BT12: =IF(BS12=0,0,IF(BS12=1,0,1/(BS12*(BS12-1)))) | BU12: =IF(R12>0,(BM12^2),"") | BV12: =IF(X12>0,(BN12^2),"") | BW12: =IF(AB12>0,(BO12^2),"") | BX12: =IF(AF12>0,(BP12^2),"") | BY12: =IF(AJ12>0,(BQ12^2),"") | BZ12: =IF(AN12>0,(BR12^2),"")
A13: 458/27 | B13: W8 | C13: Carrello elevatore | D13: MANITOU | E13: MSI 50 T | F13: Movimentazione con carrello elevatore | G13: 45996 | H13: Compito | I13: =IF((V13-R13)>3,"SI","") | J13: SI | M13: =IF(R13>0,(SQRT(BT13*(SUM(BU13:BZ13)))),"") | N13: =IF(T13>0,(MAX(T13,Z13,AD13,AH13,AL13,AP13))+SQRT(1.2^2+1^2),"") | O13: =IF(R13="",0,10*LOG10(SUM(BG13:BL13)/(COUNT(R13,X13,AB13,AF13,AJ13,AN13)))) | P13: =IF(AND(Y13="",AC13="",AG13="",AK13="",AO13=""),S13,AVERAGE(S13,Y13,AC13,AG13,AK13,AO13)+STDEV(S13,Y13,AC13,AG13,AK13,AO13)) | Q13: 300 | R13: 83 | S13: 98.3 | T13: 115.1 | W13: 300 | X13: 88 | Y13: 100.3 | Z13: 118.6 | AA13: 300 | AB13: 92.5 | AC13: 96.8 | AD13: 126.4 | AE13: 300 | AF13: 85.7 | AG13: 96.1 | AH13: 118.1 | AI13: 300 | AJ13: 88.3 | AK13: 96.9 | AL13: 116.9 | AM13: 300 | AN13: 85.6 | AO13: 98.8 | AP13: 119.2 | AQ13: =IF(AND((O13)<85,N13<137),"NO","SI") | AR13: =IF((480*(10^(7.95-(O13/10))))<480,480*(10^(7.95-(O13/10))),480) | AS13: =IF((480*(10^(8.45-(O13/10))))<480,480*(10^(8.45-(O13/10))),480) | AT13: =IF((480*(10^(8.65-(O13/10))))<480,480*(10^(8.65-(O13/10))),480) | AU13: =IF(O13<80,"0",IF((P13-O13)<=2,('DPI art.191'!$G$3-(('DPI art.191'!$F$3-'DPI art.191'!$G$3)/4)*(P13-O13-2)),('DPI art.191'!$G$3-(('DPI art.191'!$F$3-'DPI art.191'!$H$3)/8)*(P13-O13-2)))) | AV13: =O13-AU13 | AW13: =IF(N13<135,N13,N13-'DPI art.191'!$I$3) | AX13: =IF(I13<80,"0",IF((J13-I13)<=2,('DPI art.191'!$G$7-(('DPI art.191'!$F$7-'DPI art.191'!$G$7)/4)*(I13-J13-2)),('DPI art.191'!$G$7-(('DPI art.191'!$G$7-'DPI art.191'!$H$7)/8)*(J13-I13-2)))) | AY13: =I13-AX13 | AZ13: =IF(H13<135,H13,H13-'DPI art.191'!$I$7) | BA13: =IF(O13<80,"0",IF((P13-O13)<=2,('DPI art.191'!$G$5-(('DPI art.191'!$F$5-'DPI art.191'!$G$5)/4)*(P13-O13-2)),('DPI art.191'!$G$5-(('DPI art.191'!$G$5-'DPI art.191'!$H$5)/8)*(P13-O13-2)))) | BB13: =R13-BA13 | BC13: =IF(N13<135,N13,N13-'DPI art.191'!$I$5) | BD13: =IF(O13<80,"0",IF((P13-O13)<=2,('DPI art.191'!$G$7-(('DPI art.191'!$F$7-'DPI art.191'!$G$7)/4)*(O13-P13-2)),('DPI art.191'!$G$7-(('DPI art.191'!$G$7-'DPI art.191'!$H$7)/8)*(P13-O13-2)))) | BE13: =O13-BD13 | BF13: =IF(N13<135,N13,N13-'DPI art.191'!$I$7) | BG13: =10^(0.1*R13) | BH13: =10^(0.1*X13) | BI13: =10^(0.1*AB13) | BJ13: =10^(0.1*AF13) | BK13: =10^(0.1*AJ13) | BL13: =10^(0.1*AN13) | BM13: =IF(R13>0,(O13-R13),"") | BN13: =IF(X13>0,(O13-X13),"") | BO13: =IF(AB13>0,(O13-AB13),"") | BP13: =IF(AF13>0,(O13-AF13),"") | BQ13: =IF(AJ13>0,(O13-AJ13),"") | BR13: =IF(AN13>0,(O13-AN13),"") | BS13: =COUNT(BM13:BR13) | BT13: =IF(BS13=0,0,IF(BS13=1,0,1/(BS13*(BS13-1)))) | BU13: =IF(R13>0,(BM13^2),"") | BV13: =IF(X13>0,(BN13^2),"") | BW13: =IF(AB13>0,(BO13^2),"") | BX13: =IF(AF13>0,(BP13^2),"") | BY13: =IF(AJ13>0,(BQ13^2),"") | BZ13: =IF(AN13>0,(BR13^2),"")
A14: 031/28 | B14: W9 | C14: Autogru | D14: LOCATELLI | E14: GRIL 8600 T | F14: Movimentazione con autogru in esterno | G14: 45996 | H14: Compito | I14: =IF((V14-R14)>3,"SI","") | J14: SI | M14: =IF(R14>0,(SQRT(BT14*(SUM(BU14:BZ14)))),"") | N14: =IF(T14>0,(MAX(T14,Z14,AD14,AH14,AL14,AP14))+SQRT(1.2^2+1^2),"") | O14: =IF(R14="",0,10*LOG10(SUM(BG14:BL14)/(COUNT(R14,X14,AB14,AF14,AJ14,AN14)))) | P14: =IF(AND(Y14="",AC14="",AG14="",AK14="",AO14=""),S14,AVERAGE(S14,Y14,AC14,AG14,AK14,AO14)+STDEV(S14,Y14,AC14,AG14,AK14,AO14)) | Q14: 300 | R14: 75.5 | S14: 89.1 | T14: 117 | W14: 300 | X14: 79.4 | Y14: 87.5 | Z14: 106 | AA14: 300 | AB14: 75.9 | AC14: 86.4 | AD14: 104 | AE14: 300 | AF14: 79.2 | AG14: 87.8 | AH14: 120.3 | AI14: 300 | AJ14: 81.2 | AK14: 90.3 | AL14: 117.4 | AM14: 300 | AN14: 80.9 | AO14: 92.8 | AP14: 114.5 | AQ14: =IF(AND((O14)<85,N14<137),"NO","SI") | AR14: =IF((480*(10^(7.95-(O14/10))))<480,480*(10^(7.95-(O14/10))),480) | AS14: =IF((480*(10^(8.45-(O14/10))))<480,480*(10^(8.45-(O14/10))),480) | AT14: =IF((480*(10^(8.65-(O14/10))))<480,480*(10^(8.65-(O14/10))),480) | AU14: =IF(O14<80,"0",IF((P14-O14)<=2,('DPI art.191'!$G$3-(('DPI art.191'!$F$3-'DPI art.191'!$G$3)/4)*(P14-O14-2)),('DPI art.191'!$G$3-(('DPI art.191'!$F$3-'DPI art.191'!$H$3)/8)*(P14-O14-2)))) | AV14: =O14-AU14 | AW14: =IF(N14<135,N14,N14-'DPI art.191'!$I$3) | AX14: =IF(I14<80,"0",IF((J14-I14)<=2,('DPI art.191'!$G$7-(('DPI art.191'!$F$7-'DPI art.191'!$G$7)/4)*(I14-J14-2)),('DPI art.191'!$G$7-(('DPI art.191'!$G$7-'DPI art.191'!$H$7)/8)*(J14-I14-2)))) | AY14: =I14-AX14 | AZ14: =IF(H14<135,H14,H14-'DPI art.191'!$I$7) | BA14: =IF(O14<80,"0",IF((P14-O14)<=2,('DPI art.191'!$G$5-(('DPI art.191'!$F$5-'DPI art.191'!$G$5)/4)*(P14-O14-2)),('DPI art.191'!$G$5-(('DPI art.191'!$G$5-'DPI art.191'!$H$5)/8)*(P14-O14-2)))) | BB14: =R14-BA14 | BC14: =IF(N14<135,N14,N14-'DPI art.191'!$I$5) | BD14: =IF(O14<80,"0",IF((P14-O14)<=2,('DPI art.191'!$G$7-(('DPI art.191'!$F$7-'DPI art.191'!$G$7)/4)*(O14-P14-2)),('DPI art.191'!$G$7-(('DPI art.191'!$G$7-'DPI art.191'!$H$7)/8)*(P14-O14-2)))) | BE14: =O14-BD14 | BF14: =IF(N14<135,N14,N14-'DPI art.191'!$I$7) | BG14: =10^(0.1*R14) | BH14: =10^(0.1*X14) | BI14: =10^(0.1*AB14) | BJ14: =10^(0.1*AF14) | BK14: =10^(0.1*AJ14) | BL14: =10^(0.1*AN14) | BM14: =IF(R14>0,(O14-R14),"") | BN14: =IF(X14>0,(O14-X14),"") | BO14: =IF(AB14>0,(O14-AB14),"") | BP14: =IF(AF14>0,(O14-AF14),"") | BQ14: =IF(AJ14>0,(O14-AJ14),"") | BR14: =IF(AN14>0,(O14-AN14),"") | BS14: =COUNT(BM14:BR14) | BT14: =IF(BS14=0,0,IF(BS14=1,0,1/(BS14*(BS14-1)))) | BU14: =IF(R14>0,(BM14^2),"") | BV14: =IF(X14>0,(BN14^2),"") | BW14: =IF(AB14>0,(BO14^2),"") | BX14: =IF(AF14>0,(BP14^2),"") | BY14: =IF(AJ14>0,(BQ14^2),"") | BZ14: =IF(AN14>0,(BR14^2),"")
A15: 031/33 | B15: W10 | C15: Autogru | D15: CAMS | E15: SP180 | F15: Movimentazione con autogru in esterno | G15: 45996 | H15: Compito | I15: =IF((V15-R15)>3,"SI","") | J15: SI | M15: =IF(R15>0,(SQRT(BT15*(SUM(BU15:BZ15)))),"") | N15: =IF(T15>0,(MAX(T15,Z15,AD15,AH15,AL15,AP15))+SQRT(1.2^2+1^2),"") | O15: =IF(R15="",0,10*LOG10(SUM(BG15:BL15)/(COUNT(R15,X15,AB15,AF15,AJ15,AN15)))) | P15: =IF(AND(Y15="",AC15="",AG15="",AK15="",AO15=""),S15,AVERAGE(S15,Y15,AC15,AG15,AK15,AO15)+STDEV(S15,Y15,AC15,AG15,AK15,AO15)) | Q15: 300 | R15: 81.5 | S15: 104.6 | T15: 131.2 | W15: 300 | X15: 80.6 | Y15: 107.5 | Z15: 121.1 | AA15: 300 | AB15: 81.4 | AC15: 110.3 | AD15: 121.2 | AE15: 300 | AF15: 82.8 | AG15: 106.1 | AH15: 120.7 | AI15: 300 | AJ15: 83 | AK15: 103.3 | AL15: 113.9 | AM15: 300 | AN15: 83.5 | AO15: 104 | AP15: 118.8 | AQ15: =IF(AND((O15)<85,N15<137),"NO","SI") | AR15: =IF((480*(10^(7.95-(O15/10))))<480,480*(10^(7.95-(O15/10))),480) | AS15: =IF((480*(10^(8.45-(O15/10))))<480,480*(10^(8.45-(O15/10))),480) | AT15: =IF((480*(10^(8.65-(O15/10))))<480,480*(10^(8.65-(O15/10))),480) | AU15: =IF(O15<80,"0",IF((P15-O15)<=2,('DPI art.191'!$G$3-(('DPI art.191'!$F$3-'DPI art.191'!$G$3)/4)*(P15-O15-2)),('DPI art.191'!$G$3-(('DPI art.191'!$F$3-'DPI art.191'!$H$3)/8)*(P15-O15-2)))) | AV15: =O15-AU15 | AW15: =IF(N15<135,N15,N15-'DPI art.191'!$I$3) | AX15: =IF(I15<80,"0",IF((J15-I15)<=2,('DPI art.191'!$G$7-(('DPI art.191'!$F$7-'DPI art.191'!$G$7)/4)*(I15-J15-2)),('DPI art.191'!$G$7-(('DPI art.191'!$G$7-'DPI art.191'!$H$7)/8)*(J15-I15-2)))) | AY15: =I15-AX15 | AZ15: =IF(H15<135,H15,H15-'DPI art.191'!$I$7) | BA15: =IF(O15<80,"0",IF((P15-O15)<=2,('DPI art.191'!$G$5-(('DPI art.191'!$F$5-'DPI art.191'!$G$5)/4)*(P15-O15-2)),('DPI art.191'!$G$5-(('DPI art.191'!$G$5-'DPI art.191'!$H$5)/8)*(P15-O15-2)))) | BB15: =R15-BA15 | BC15: =IF(N15<135,N15,N15-'DPI art.191'!$I$5) | BD15: =IF(O15<80,"0",IF((P15-O15)<=2,('DPI art.191'!$G$7-(('DPI art.191'!$F$7-'DPI art.191'!$G$7)/4)*(O15-P15-2)),('DPI art.191'!$G$7-(('DPI art.191'!$G$7-'DPI art.191'!$H$7)/8)*(P15-O15-2)))) | BE15: =O15-BD15 | BF15: =IF(N15<135,N15,N15-'DPI art.191'!$I$7) | BG15: =10^(0.1*R15) | BH15: =10^(0.1*X15) | BI15: =10^(0.1*AB15) | BJ15: =10^(0.1*AF15) | BK15: =10^(0.1*AJ15) | BL15: =10^(0.1*AN15) | BM15: =IF(R15>0,(O15-R15),"") | BN15: =IF(X15>0,(O15-X15),"") | BO15: =IF(AB15>0,(O15-AB15),"") | BP15: =IF(AF15>0,(O15-AF15),"") | BQ15: =IF(AJ15>0,(O15-AJ15),"") | BR15: =IF(AN15>0,(O15-AN15),"") | BS15: =COUNT(BM15:BR15) | BT15: =IF(BS15=0,0,IF(BS15=1,0,1/(BS15*(BS15-1)))) | BU15: =IF(R15>0,(BM15^2),"") | BV15: =IF(X15>0,(BN15^2),"") | BW15: =IF(AB15>0,(BO15^2),"") | BX15: =IF(AF15>0,(BP15^2),"") | BY15: =IF(AJ15>0,(BQ15^2),"") | BZ15: =IF(AN15>0,(BR15^2),"")
A16: 045/25 | B16: W11 | C16: Trattore | D16: NEW-HOLLAND | E16: T6-120 | F16: Trasferimenti con trattore in esterno | G16: 45996 | H16: Compito | I16: =IF((V16-R16)>3,"SI","") | J16: SI | M16: =IF(R16>0,(SQRT(BT16*(SUM(BU16:BZ16)))),"") | N16: =IF(T16>0,(MAX(T16,Z16,AD16,AH16,AL16,AP16))+SQRT(1.2^2+1^2),"") | O16: =IF(R16="",0,10*LOG10(SUM(BG16:BL16)/(COUNT(R16,X16,AB16,AF16,AJ16,AN16)))) | P16: =IF(AND(Y16="",AC16="",AG16="",AK16="",AO16=""),S16,AVERAGE(S16,Y16,AC16,AG16,AK16,AO16)+STDEV(S16,Y16,AC16,AG16,AK16,AO16)) | Q16: 300 | R16: 82 | S16: 92.2 | T16: 132.5 | W16: 300 | X16: 89.7 | Y16: 100.1 | Z16: 134.7 | AA16: 300 | AB16: 91.4 | AC16: 93.3 | AD16: 117.9 | AE16: 300 | AF16: 82.8 | AG16: 94.7 | AH16: 135 | AI16: 300 | AJ16: 89.7 | AK16: 92 | AL16: 128.7 | AM16: 300 | AN16: 90.2 | AO16: 94.5 | AP16: 133.9 | AQ16: =IF(AND((O16)<85,N16<137),"NO","SI") | AR16: =IF((480*(10^(7.95-(O16/10))))<480,480*(10^(7.95-(O16/10))),480) | AS16: =IF((480*(10^(8.45-(O16/10))))<480,480*(10^(8.45-(O16/10))),480) | AT16: =IF((480*(10^(8.65-(O16/10))))<480,480*(10^(8.65-(O16/10))),480) | AU16: =IF(O16<80,"0",IF((P16-O16)<=2,('DPI art.191'!$G$3-(('DPI art.191'!$F$3-'DPI art.191'!$G$3)/4)*(P16-O16-2)),('DPI art.191'!$G$3-(('DPI art.191'!$F$3-'DPI art.191'!$H$3)/8)*(P16-O16-2)))) | AV16: =O16-AU16 | AW16: =IF(N16<135,N16,N16-'DPI art.191'!$I$3) | AX16: =IF(I16<80,"0",IF((J16-I16)<=2,('DPI art.191'!$G$7-(('DPI art.191'!$F$7-'DPI art.191'!$G$7)/4)*(I16-J16-2)),('DPI art.191'!$G$7-(('DPI art.191'!$G$7-'DPI art.191'!$H$7)/8)*(J16-I16-2)))) | AY16: =I16-AX16 | AZ16: =IF(H16<135,H16,H16-'DPI art.191'!$I$7) | BA16: =IF(O16<80,"0",IF((P16-O16)<=2,('DPI art.191'!$G$5-(('DPI art.191'!$F$5-'DPI art.191'!$G$5)/4)*(P16-O16-2)),('DPI art.191'!$G$5-(('DPI art.191'!$G$5-'DPI art.191'!$H$5)/8)*(P16-O16-2)))) | BB16: =R16-BA16 | BC16: =IF(N16<135,N16,N16-'DPI art.191'!$I$5) | BD16: =IF(O16<80,"0",IF((P16-O16)<=2,('DPI art.191'!$G$7-(('DPI art.191'!$F$7-'DPI art.191'!$G$7)/4)*(O16-P16-2)),('DPI art.191'!$G$7-(('DPI art.191'!$G$7-'DPI art.191'!$H$7)/8)*(P16-O16-2)))) | BE16: =O16-BD16 | BF16: =IF(N16<135,N16,N16-'DPI art.191'!$I$7) | BG16: =10^(0.1*R16) | BH16: =10^(0.1*X16) | BI16: =10^(0.1*AB16) | BJ16: =10^(0.1*AF16) | BK16: =10^(0.1*AJ16) | BL16: =10^(0.1*AN16) | BM16: =IF(R16>0,(O16-R16),"") | BN16: =IF(X16>0,(O16-X16),"") | BO16: =IF(AB16>0,(O16-AB16),"") | BP16: =IF(AF16>0,(O16-AF16),"") | BQ16: =IF(AJ16>0,(O16-AJ16),"") | BR16: =IF(AN16>0,(O16-AN16),"") | BS16: =COUNT(BM16:BR16) | BT16: =IF(BS16=0,0,IF(BS16=1,0,1/(BS16*(BS16-1)))) | BU16: =IF(R16>0,(BM16^2),"") | BV16: =IF(X16>0,(BN16^2),"") | BW16: =IF(AB16>0,(BO16^2),"") | BX16: =IF(AF16>0,(BP16^2),"") | BY16: =IF(AJ16>0,(BQ16^2),"") | BZ16: =IF(AN16>0,(BR16^2),"")
A17: Gualdo 2 | B17: W12 | C17: Mola grande | D17: Bosch | E17: gws 22-230 J | F17: Molatura con mola grande | G17: 46003 | H17: Compito | I17: =IF((V17-R17)>3,"SI","") | J17: SI | M17: =IF(R17>0,(SQRT(BT17*(SUM(BU17:BZ17)))),"") | N17: =IF(T17>0,(MAX(T17,Z17,AD17,AH17,AL17,AP17))+SQRT(1.2^2+1^2),"") | O17: =IF(R17="",0,10*LOG10(SUM(BG17:BL17)/(COUNT(R17,X17,AB17,AF17,AJ17,AN17)))) | P17: =IF(AND(Y17="",AC17="",AG17="",AK17="",AO17=""),S17,AVERAGE(S17,Y17,AC17,AG17,AK17,AO17)+STDEV(S17,Y17,AC17,AG17,AK17,AO17)) | Q17: 300 | R17: 100.4 | S17: 99.9 | T17: 123.6 | W17: 300 | X17: 100.4 | Y17: 99.7 | Z17: 121 | AA17: 300 | AB17: 95 | AC17: 94.3 | AD17: 119.1 | AE17: 300 | AF17: 93.3 | AG17: 92.4 | AH17: 121 | AI17: 300 | AJ17: 99.9 | AK17: 98.9 | AL17: 120.6 | AM17: 300 | AN17: 98.6 | AO17: 98 | AP17: 121.8 | AQ17: =IF(AND((O17)<85,N17<137),"NO","SI") | AR17: =IF((480*(10^(7.95-(O17/10))))<480,480*(10^(7.95-(O17/10))),480) | AS17: =IF((480*(10^(8.45-(O17/10))))<480,480*(10^(8.45-(O17/10))),480) | AT17: =IF((480*(10^(8.65-(O17/10))))<480,480*(10^(8.65-(O17/10))),480) | AU17: =IF(O17<80,"0",IF((P17-O17)<=2,('DPI art.191'!$G$3-(('DPI art.191'!$F$3-'DPI art.191'!$G$3)/4)*(P17-O17-2)),('DPI art.191'!$G$3-(('DPI art.191'!$F$3-'DPI art.191'!$H$3)/8)*(P17-O17-2)))) | AV17: =O17-AU17 | AW17: =IF(N17<135,N17,N17-'DPI art.191'!$I$3) | AX17: =IF(I17<80,"0",IF((J17-I17)<=2,('DPI art.191'!$G$7-(('DPI art.191'!$F$7-'DPI art.191'!$G$7)/4)*(I17-J17-2)),('DPI art.191'!$G$7-(('DPI art.191'!$G$7-'DPI art.191'!$H$7)/8)*(J17-I17-2)))) | AY17: =I17-AX17 | AZ17: =IF(H17<135,H17,H17-'DPI art.191'!$I$7) | BA17: =IF(O17<80,"0",IF((P17-O17)<=2,('DPI art.191'!$G$5-(('DPI art.191'!$F$5-'DPI art.191'!$G$5)/4)*(P17-O17-2)),('DPI art.191'!$G$5-(('DPI art.191'!$G$5-'DPI art.191'!$H$5)/8)*(P17-O17-2)))) | BB17: =R17-BA17 | BC17: =IF(N17<135,N17,N17-'DPI art.191'!$I$5) | BD17: =IF(O17<80,"0",IF((P17-O17)<=2,('DPI art.191'!$G$7-(('DPI art.191'!$F$7-'DPI art.191'!$G$7)/4)*(O17-P17-2)),('DPI art.191'!$G$7-(('DPI art.191'!$G$7-'DPI art.191'!$H$7)/8)*(P17-O17-2)))) | BE17: =O17-BD17 | BF17: =IF(N17<135,N17,N17-'DPI art.191'!$I$7) | BG17: =10^(0.1*R17) | BH17: =10^(0.1*X17) | BI17: =10^(0.1*AB17) | BJ17: =10^(0.1*AF17) | BK17: =10^(0.1*AJ17) | BL17: =10^(0.1*AN17) | BM17: =IF(R17>0,(O17-R17),"") | BN17: =IF(X17>0,(O17-X17),"") | BO17: =IF(AB17>0,(O17-AB17),"") | BP17: =IF(AF17>0,(O17-AF17),"") | BQ17: =IF(AJ17>0,(O17-AJ17),"") | BR17: =IF(AN17>0,(O17-AN17),"") | BS17: =COUNT(BM17:BR17) | BT17: =IF(BS17=0,0,IF(BS17=1,0,1/(BS17*(BS17-1)))) | BU17: =IF(R17>0,(BM17^2),"") | BV17: =IF(X17>0,(BN17^2),"") | BW17: =IF(AB17>0,(BO17^2),"") | BX17: =IF(AF17>0,(BP17^2),"") | BY17: =IF(AJ17>0,(BQ17^2),"") | BZ17: =IF(AN17>0,(BR17^2),"")
... A25: Verniciatura | B25: W20 | C25: Verniciatura | D25: / | E25: / | F25: Vernciciatura | G25: 46003 | H25: Compito | I25: =IF((V25-R25)>3,"SI","") | J25: SI | M25: =IF(R25>0,(SQRT(BT25*(SUM(BU25:BZ25)))),"") | N25: =IF(T25>0,(MAX(T25,Z25,AD25,AH25,AL25,AP25))+SQRT(1.2^2+1^2),"") | O25: =IF(R25="",0,10*LOG10(SUM(BG25:BL25)/(COUNT(R25,X25,AB25,AF25,AJ25,AN25)))) | P25: =IF(AND(Y25="",AC25="",AG25="",AK25="",AO25=""),S25,AVERAGE(S25,Y25,AC25,AG25,AK25,AO25)+STDEV(S25,Y25,AC25,AG25,AK25,AO25)) | Q25: 300 | R25: 81.4 | S25: 84 | T25: 116.1 | W25: 300 | X25: 81.9 | Y25: 83.7 | Z25: 119.5 | AA25: 300 | AB25: 80.5 | AC25: 83.1 | AD25: 121.1 | AE25: 300 | AF25: 74 | AG25: 75.2 | AH25: 111.6 | AI25: 300 | AJ25: 78 | AK25: 78.7 | AL25: 114.8 | AM25: 300 | AN25: 79.4 | AO25: 81.4 | AP25: 116.8 | AQ25: =IF(AND((O25)<85,N25<137),"NO","SI") | AR25: =IF((480*(10^(7.95-(O25/10))))<480,480*(10^(7.95-(O25/10))),480) | AS25: =IF((480*(10^(8.45-(O25/10))))<480,480*(10^(8.45-(O25/10))),480) | AT25: =IF((480*(10^(8.65-(O25/10))))<480,480*(10^(8.65-(O25/10))),480) | AU25: =IF(O25<80,"0",IF((P25-O25)<=2,('DPI art.191'!$G$3-(('DPI art.191'!$F$3-'DPI art.191'!$G$3)/4)*(P25-O25-2)),('DPI art.191'!$G$3-(('DPI art.191'!$F$3-'DPI art.191'!$H$3)/8)*(P25-O25-2)))) | AV25: =O25-AU25 | AW25: =IF(N25<135,N25,N25-'DPI art.191'!$I$3) | AX25: =IF(I25<80,"0",IF((J25-I25)<=2,('DPI art.191'!$G$7-(('DPI art.191'!$F$7-'DPI art.191'!$G$7)/4)*(I25-J25-2)),('DPI art.191'!$G$7-(('DPI art.191'!$G$7-'DPI art.191'!$H$7)/8)*(J25-I25-2)))) | AY25: =I25-AX25 | AZ25: =IF(H25<135,H25,H25-'DPI art.191'!$I$7) | BA25: =IF(O25<80,"0",IF((P25-O25)<=2,('DPI art.191'!$G$5-(('DPI art.191'!$F$5-'DPI art.191'!$G$5)/4)*(P25-O25-2)),('DPI art.191'!$G$5-(('DPI art.191'!$G$5-'DPI art.191'!$H$5)/8)*(P25-O25-2)))) | BB25: =R25-BA25 | BC25: =IF(N25<135,N25,N25-'DPI art.191'!$I$5) | BD25: =IF(O25<80,"0",IF((P25-O25)<=2,('DPI art.191'!$G$7-(('DPI art.191'!$F$7-'DPI art.191'!$G$7)/4)*(O25-P25-2)),('DPI art.191'!$G$7-(('DPI art.191'!$G$7-'DPI art.191'!$H$7)/8)*(P25-O25-2)))) | BE25: =O25-BD25 | BF25: =IF(N25<135,N25,N25-'DPI art.191'!$I$7) | BG25: =10^(0.1*R25) | BH25: =10^(0.1*X25) | BI25: =10^(0.1*AB25) | BJ25: =10^(0.1*AF25) | BK25: =10^(0.1*AJ25) | BL25: =10^(0.1*AN25) | BM25: =IF(R25>0,(O25-R25),"") | BN25: =IF(X25>0,(O25-X25),"") | BO25: =IF(AB25>0,(O25-AB25),"") | BP25: =IF(AF25>0,(O25-AF25),"") | BQ25: =IF(AJ25>0,(O25-AJ25),"") | BR25: =IF(AN25>0,(O25-AN25),"") | BS25: =COUNT(BM25:BR25) | BT25: =IF(BS25=0,0,IF(BS25=1,0,1/(BS25*(BS25-1)))) | BU25: =IF(R25>0,(BM25^2),"") | BV25: =IF(X25>0,(BN25^2),"") | BW25: =IF(AB25>0,(BO25^2),"") | BX25: =IF(AF25>0,(BP25^2),"") | BY25: =IF(AJ25>0,(BQ25^2),"") | BZ25: =IF(AN25>0,(BR25^2),"")
A26: 273/11 | B26: D1 | C26: Sega a nastro | D26: FMB | E26: OLIMPUS 2 - Ø 500mm | F26: Taglio con sega a nastro | G26: 45996 | H26: Compito | I26: =IF((V26-R26)>3,"SI","") | J26: =IF((U26-R26)>3,"SI","") | M26: =IF(R26>0,(SQRT(BT26*(SUM(BU26:BZ26)))),"") | N26: =IF(T26>0,(MAX(T26,Z26,AD26,AH26,AL26,AP26))+SQRT(1.2^2+1^2),"") | O26: =IF(R26="",0,10*LOG10(SUM(BG26:BL26)/(COUNT(R26,X26,AB26,AF26,AJ26,AN26)))) | P26: =IF(AND(Y26="",AC26="",AG26="",AK26="",AO26=""),S26,AVERAGE(S26,Y26,AC26,AG26,AK26,AO26)+STDEV(S26,Y26,AC26,AG26,AK26,AO26)) | Q26: 300 | R26: 91.9 | S26: 91.2 | T26: 107.6 | U26: 92 | V26: 95.1 | W26: 300 | X26: 81.8 | Y26: 81.9 | Z26: 99.5 | AA26: 300 | AB26: 85.3 | AC26: 85 | AD26: 102.5 | AE26: 300 | AF26: 86.4 | AG26: 86 | AH26: 102.4 | AI26: 300 | AJ26: 85.7 | AK26: 85.4 | AL26: 103.1 | AM26: 300 | AN26: 83.6 | AO26: 83.3 | AP26: 104.6 | AQ26: =IF(AND((O26)<85,N26<137),"NO","SI") | AR26: =IF((480*(10^(7.95-(O26/10))))<480,480*(10^(7.95-(O26/10))),480) | AS26: =IF((480*(10^(8.45-(O26/10))))<480,480*(10^(8.45-(O26/10))),480) | AT26: =IF((480*(10^(8.65-(O26/10))))<480,480*(10^(8.65-(O26/10))),480) | AU26: =IF(O26<80,"0",IF((P26-O26)<=2,('DPI art.191'!$G$3-(('DPI art.191'!$F$3-'DPI art.191'!$G$3)/4)*(P26-O26-2)),('DPI art.191'!$G$3-(('DPI art.191'!$F$3-'DPI art.191'!$H$3)/8)*(P26-O26-2)))) | AV26: =O26-AU26 | AW26: =IF(N26<135,N26,N26-'DPI art.191'!$I$3) | AX26: =IF(I26<80,"0",IF((J26-I26)<=2,('DPI art.191'!$G$7-(('DPI art.191'!$F$7-'DPI art.191'!$G$7)/4)*(I26-J26-2)),('DPI art.191'!$G$7-(('DPI art.191'!$G$7-'DPI art.191'!$H$7)/8)*(J26-I26-2)))) | AY26: =I26-AX26 | AZ26: =IF(H26<135,H26,H26-'DPI art.191'!$I$7) | BA26: =IF(O26<80,"0",IF((P26-O26)<=2,('DPI art.191'!$G$5-(('DPI art.191'!$F$5-'DPI art.191'!$G$5)/4)*(P26-O26-2)),('DPI art.191'!$G$5-(('DPI art.191'!$G$5-'DPI art.191'!$H$5)/8)*(P26-O26-2)))) | BB26: =R26-BA26 | BC26: =IF(N26<135,N26,N26-'DPI art.191'!$I$5) | BD26: =IF(O26<80,"0",IF((P26-O26)<=2,('DPI art.191'!$G$7-(('DPI art.191'!$F$7-'DPI art.191'!$G$7)/4)*(O26-P26-2)),('DPI art.191'!$G$7-(('DPI art.191'!$G$7-'DPI art.191'!$H$7)/8)*(P26-O26-2)))) | BE26: =O26-BD26 | BF26: =IF(N26<135,N26,N26-'DPI art.191'!$I$7) | BG26: =10^(0.1*R26) | BH26: =10^(0.1*X26) | BI26: =10^(0.1*AB26) | BJ26: =10^(0.1*AF26) | BK26: =10^(0.1*AJ26) | BL26: =10^(0.1*AN26) | BM26: =IF(R26>0,(O26-R26),"") | BN26: =IF(X26>0,(O26-X26),"") | BO26: =IF(AB26>0,(O26-AB26),"") | BP26: =IF(AF26>0,(O26-AF26),"") | BQ26: =IF(AJ26>0,(O26-AJ26),"") | BR26: =IF(AN26>0,(O26-AN26),"") | BS26: =COUNT(BM26:BR26) | BT26: =IF(BS26=0,0,IF(BS26=1,0,1/(BS26*(BS26-1)))) | BU26: =IF(R26>0,(BM26^2),"") | BV26: =IF(X26>0,(BN26^2),"") | BW26: =IF(AB26>0,(BO26^2),"") | BX26: =IF(AF26>0,(BP26^2),"") | BY26: =IF(AJ26>0,(BQ26^2),"") | BZ26: =IF(AN26>0,(BR26^2),"")
A27: 273/12 | B27: D2 | C27: Sega a nastro | D27: SCORTEGAGNA | E27: RUSCH 260/320 AF | F27: Taglio con sega a nastro | G27: 45996 | H27: Compito | I27: =IF((V27-R27)>3,"SI","") | J27: =IF((U27-R27)>3,"SI","") | M27: =IF(R27>0,(SQRT(BT27*(SUM(BU27:BZ27)))),"") | N27: =IF(T27>0,(MAX(T27,Z27,AD27,AH27,AL27,AP27))+SQRT(1.2^2+1^2),"") | O27: =IF(R27="",0,10*LOG10(SUM(BG27:BL27)/(COUNT(R27,X27,AB27,AF27,AJ27,AN27)))) | P27: =IF(AND(Y27="",AC27="",AG27="",AK27="",AO27=""),S27,AVERAGE(S27,Y27,AC27,AG27,AK27,AO27)+STDEV(S27,Y27,AC27,AG27,AK27,AO27)) | Q27: 300 | R27: 76.5 | S27: 78.6 | T27: 105.9 | U27: 76.5 | V27: 79.9 | W27: 300 | X27: 74.8 | Y27: 77.9 | Z27: 106.8 | AA27: 300 | AB27: 78.2 | AC27: 79.2 | AD27: 102.2 | AE27: 300 | AF27: 77.8 | AG27: 79 | AH27: 102.7 | AI27: 300 | AJ27: 79.8 | AK27: 81 | AL27: 102 | AM27: 300 | AN27: 76.9 | AO27: 78.7 | AP27: 99.9 | AQ27: =IF(AND((O27)<85,N27<137),"NO","SI") | AR27: =IF((480*(10^(7.95-(O27/10))))<480,480*(10^(7.95-(O27/10))),480) | AS27: =IF((480*(10^(8.45-(O27/10))))<480,480*(10^(8.45-(O27/10))),480) | AT27: =IF((480*(10^(8.65-(O27/10))))<480,480*(10^(8.65-(O27/10))),480) | AU27: =IF(O27<80,"0",IF((P27-O27)<=2,('DPI art.191'!$G$3-(('DPI art.191'!$F$3-'DPI art.191'!$G$3)/4)*(P27-O27-2)),('DPI art.191'!$G$3-(('DPI art.191'!$F$3-'DPI art.191'!$H$3)/8)*(P27-O27-2)))) | AV27: =O27-AU27 | AW27: =IF(N27<135,N27,N27-'DPI art.191'!$I$3) | AX27: =IF(I27<80,"0",IF((J27-I27)<=2,('DPI art.191'!$G$7-(('DPI art.191'!$F$7-'DPI art.191'!$G$7)/4)*(I27-J27-2)),('DPI art.191'!$G$7-(('DPI art.191'!$G$7-'DPI art.191'!$H$7)/8)*(J27-I27-2)))) | AY27: =I27-AX27 | AZ27: =IF(H27<135,H27,H27-'DPI art.191'!$I$7) | BA27: =IF(O27<80,"0",IF((P27-O27)<=2,('DPI art.191'!$G$5-(('DPI art.191'!$F$5-'DPI art.191'!$G$5)/4)*(P27-O27-2)),('DPI art.191'!$G$5-(('DPI art.191'!$G$5-'DPI art.191'!$H$5)/8)*(P27-O27-2)))) | BB27: =R27-BA27 | BC27: =IF(N27<135,N27,N27-'DPI art.191'!$I$5) | BD27: =IF(O27<80,"0",IF((P27-O27)<=2,('DPI art.191'!$G$7-(('DPI art.191'!$F$7-'DPI art.191'!$G$7)/4)*(O27-P27-2)),('DPI art.191'!$G$7-(('DPI art.191'!$G$7-'DPI art.191'!$H$7)/8)*(P27-O27-2)))) | BE27: =O27-BD27 | BF27: =IF(N27<135,N27,N27-'DPI art.191'!$I$7) | BG27: =10^(0.1*R27) | BH27: =10^(0.1*X27) | BI27: =10^(0.1*AB27) | BJ27: =10^(0.1*AF27) | BK27: =10^(0.1*AJ27) | BL27: =10^(0.1*AN27) | BM27: =IF(R27>0,(O27-R27),"") | BN27: =IF(X27>0,(O27-X27),"") | BO27: =IF(AB27>0,(O27-AB27),"") | BP27: =IF(AF27>0,(O27-AF27),"") | BQ27: =IF(AJ27>0,(O27-AJ27),"") | BR27: =IF(AN27>0,(O27-AN27),"") | BS27: =COUNT(BM27:BR27) | BT27: =IF(BS27=0,0,IF(BS27=1,0,1/(BS27*(BS27-1)))) | BU27: =IF(R27>0,(BM27^2),"") | BV27: =IF(X27>0,(BN27^2),"") | BW27: =IF(AB27>0,(BO27^2),"") | BX27: =IF(AF27>0,(BP27^2),"") | BY27: =IF(AJ27>0,(BQ27^2),"") | BZ27: =IF(AN27>0,(BR27^2),"")
A28: 252/06 | B28: D3 | C28: Calandra | D28: DAVI - PROMAU | E28: MCB P30 | F28: Calandratura | G28: 45996 | H28: Compito | I28: =IF((V28-R28)>3,"SI","") | J28: =IF((U28-R28)>3,"SI","") | M28: =IF(R28>0,(SQRT(BT28*(SUM(BU28:BZ28)))),"") | N28: =IF(T28>0,(MAX(T28,Z28,AD28,AH28,AL28,AP28))+SQRT(1.2^2+1^2),"") | O28: =IF(R28="",0,10*LOG10(SUM(BG28:BL28)/(COUNT(R28,X28,AB28,AF28,AJ28,AN28)))) | P28: =IF(AND(Y28="",AC28="",AG28="",AK28="",AO28=""),S28,AVERAGE(S28,Y28,AC28,AG28,AK28,AO28)+STDEV(S28,Y28,AC28,AG28,AK28,AO28)) | Q28: 300 | R28: 78 | S28: 81.2 | T28: 113.8 | U28: 78 | V28: 83.5 | W28: 300 | X28: 77.6 | Y28: 80.8 | Z28: 110.9 | AA28: 300 | AB28: 80.1 | AC28: 83.3 | AD28: 113.1 | AE28: 300 | AF28: 82.1 | AG28: 85.1 | AH28: 115.6 | AI28: 300 | AJ28: 85.5 | AK28: 86.6 | AL28: 118 | AM28: 300 | AN28: 83.5 | AO28: 83.4 | AP28: 106 | AQ28: =IF(AND((O28)<85,N28<137),"NO","SI") | AR28: =IF((480*(10^(7.95-(O28/10))))<480,480*(10^(7.95-(O28/10))),480) | AS28: =IF((480*(10^(8.45-(O28/10))))<480,480*(10^(8.45-(O28/10))),480) | AT28: =IF((480*(10^(8.65-(O28/10))))<480,480*(10^(8.65-(O28/10))),480) | AU28: =IF(O28<80,"0",IF((P28-O28)<=2,('DPI art.191'!$G$3-(('DPI art.191'!$F$3-'DPI art.191'!$G$3)/4)*(P28-O28-2)),('DPI art.191'!$G$3-(('DPI art.191'!$F$3-'DPI art.191'!$H$3)/8)*(P28-O28-2)))) | AV28: =O28-AU28 | AW28: =IF(N28<135,N28,N28-'DPI art.191'!$I$3) | AX28: =IF(I28<80,"0",IF((J28-I28)<=2,('DPI art.191'!$G$7-(('DPI art.191'!$F$7-'DPI art.191'!$G$7)/4)*(I28-J28-2)),('DPI art.191'!$G$7-(('DPI art.191'!$G$7-'DPI art.191'!$H$7)/8)*(J28-I28-2)))) | AY28: =I28-AX28 | AZ28: =IF(H28<135,H28,H28-'DPI art.191'!$I$7) | BA28: =IF(O28<80,"0",IF((P28-O28)<=2,('DPI art.191'!$G$5-(('DPI art.191'!$F$5-'DPI art.191'!$G$5)/4)*(P28-O28-2)),('DPI art.191'!$G$5-(('DPI art.191'!$G$5-'DPI art.191'!$H$5)/8)*(P28-O28-2)))) | BB28: =R28-BA28 | BC28: =IF(N28<135,N28,N28-'DPI art.191'!$I$5) | BD28: =IF(O28<80,"0",IF((P28-O28)<=2,('DPI art.191'!$G$7-(('DPI art.191'!$F$7-'DPI art.191'!$G$7)/4)*(O28-P28-2)),('DPI art.191'!$G$7-(('DPI art.191'!$G$7-'DPI art.191'!$H$7)/8)*(P28-O28-2)))) | BE28: =O28-BD28 | BF28: =IF(N28<135,N28,N28-'DPI art.191'!$I$7) | BG28: =10^(0.1*R28) | BH28: =10^(0.1*X28) | BI28: =10^(0.1*AB28) | BJ28: =10^(0.1*AF28) | BK28: =10^(0.1*AJ28) | BL28: =10^(0.1*AN28) | BM28: =IF(R28>0,(O28-R28),"") | BN28: =IF(X28>0,(O28-X28),"") | BO28: =IF(AB28>0,(O28-AB28),"") | BP28: =IF(AF28>0,(O28-AF28),"") | BQ28: =IF(AJ28>0,(O28-AJ28),"") | BR28: =IF(AN28>0,(O28-AN28),"") | BS28: =COUNT(BM28:BR28) | BT28: =IF(BS28=0,0,IF(BS28=1,0,1/(BS28*(BS28-1)))) | BU28: =IF(R28>0,(BM28^2),"") | BV28: =IF(X28>0,(BN28^2),"") | BW28: =IF(AB28>0,(BO28^2),"") | BX28: =IF(AF28>0,(BP28^2),"") | BY28: =IF(AJ28>0,(BQ28^2),"") | BZ28: =IF(AN28>0,(BR28^2),"")
A29: 016/0579 | B29: D4 | C29: Mola grande | D29: BOSCH | E29: gws 22-230 LVI | F29: Molatura con mola grande | G29: 45996 | H29: Compito | I29: =IF((V29-R29)>3,"SI","") | J29: SI | M29: =IF(R29>0,(SQRT(BT29*(SUM(BU29:BZ29)))),"") | N29: =IF(T29>0,(MAX(T29,Z29,AD29,AH29,AL29,AP29))+SQRT(1.2^2+1^2),"") | O29: =IF(R29="",0,10*LOG10(SUM(BG29:BL29)/(COUNT(R29,X29,AB29,AF29,AJ29,AN29)))) | P29: =IF(AND(Y29="",AC29="",AG29="",AK29="",AO29=""),S29,AVERAGE(S29,Y29,AC29,AG29,AK29,AO29)+STDEV(S29,Y29,AC29,AG29,AK29,AO29)) | Q29: 300 | R29: 104.9 | S29: 103.4 | T29: 122 | U29: 104.8 | V29: 106.9 | W29: 300 | X29: 103.2 | Y29: 101.8 | Z29: 118.8 | AA29: 300 | AB29: 100.1 | AC29: 98.7 | AD29: 119.8 | AE29: 300 | AF29: 105.9 | AG29: 104.7 | AH29: 123.3 | AI29: 300 | AJ29: 107 | AK29: 105.5 | AL29: 124 | AM29: 300 | AN29: 105 | AO29: 103.4 | AP29: 124.8 | AQ29: =IF(AND((O29)<85,N29<137),"NO","SI") | AR29: =IF((480*(10^(7.95-(O29/10))))<480,480*(10^(7.95-(O29/10))),480) | AS29: =IF((480*(10^(8.45-(O29/10))))<480,480*(10^(8.45-(O29/10))),480) | AT29: =IF((480*(10^(8.65-(O29/10))))<480,480*(10^(8.65-(O29/10))),480) | AU29: =IF(O29<80,"0",IF((P29-O29)<=2,('DPI art.191'!$G$3-(('DPI art.191'!$F$3-'DPI art.191'!$G$3)/4)*(P29-O29-2)),('DPI art.191'!$G$3-(('DPI art.191'!$F$3-'DPI art.191'!$H$3)/8)*(P29-O29-2)))) | AV29: =O29-AU29 | AW29: =IF(N29<135,N29,N29-'DPI art.191'!$I$3) | AX29: =IF(I29<80,"0",IF((J29-I29)<=2,('DPI art.191'!$G$7-(('DPI art.191'!$F$7-'DPI art.191'!$G$7)/4)*(I29-J29-2)),('DPI art.191'!$G$7-(('DPI art.191'!$G$7-'DPI art.191'!$H$7)/8)*(J29-I29-2)))) | AY29: =I29-AX29 | AZ29: =IF(H29<135,H29,H29-'DPI art.191'!$I$7) | BA29: =IF(O29<80,"0",IF((P29-O29)<=2,('DPI art.191'!$G$5-(('DPI art.191'!$F$5-'DPI art.191'!$G$5)/4)*(P29-O29-2)),('DPI art.191'!$G$5-(('DPI art.191'!$G$5-'DPI art.191'!$H$5)/8)*(P29-O29-2)))) | BB29: =R29-BA29 | BC29: =IF(N29<135,N29,N29-'DPI art.191'!$I$5) | BD29: =IF(O29<80,"0",IF((P29-O29)<=2,('DPI art.191'!$G$7-(('DPI art.191'!$F$7-'DPI art.191'!$G$7)/4)*(O29-P29-2)),('DPI art.191'!$G$7-(('DPI art.191'!$G$7-'DPI art.191'!$H$7)/8)*(P29-O29-2)))) | BE29: =O29-BD29 | BF29: =IF(N29<135,N29,N29-'DPI art.191'!$I$7) | BG29: =10^(0.1*R29) | BH29: =10^(0.1*X29) | BI29: =10^(0.1*AB29) | BJ29: =10^(0.1*AF29) | BK29: =10^(0.1*AJ29) | BL29: =10^(0.1*AN29) | BM29: =IF(R29>0,(O29-R29),"") | BN29: =IF(X29>0,(O29-X29),"") | BO29: =IF(AB29>0,(O29-AB29),"") | BP29: =IF(AF29>0,(O29-AF29),"") | BQ29: =IF(AJ29>0,(O29-AJ29),"") | BR29: =IF(AN29>0,(O29-AN29),"") | BS29: =COUNT(BM29:BR29) | BT29: =IF(BS29=0,0,IF(BS29=1,0,1/(BS29*(BS29-1)))) | BU29: =IF(R29>0,(BM29^2),"") | BV29: =IF(X29>0,(BN29^2),"") | BW29: =IF(AB29>0,(BO29^2),"") | BX29: =IF(AF29>0,(BP29^2),"") | BY29: =IF(AJ29>0,(BQ29^2),"") | BZ29: =IF(AN29>0,(BR29^2),"")
A30: 017/1254 | B30: D5 | C30: Mola piccola | D30: FEIN | E30: CG17-150 | F30: Molatura con mola piccola | G30: 45996 | H30: Compito | J30: =IF((U30-R30)>3,"SI","") | M30: =IF(R30>0,(SQRT(BT30*(SUM(BU30:BZ30)))),"") | N30: =IF(T30>0,(MAX(T30,Z30,AD30,AH30,AL30,AP30))+SQRT(1.2^2+1^2),"") | O30: =IF(R30="",0,10*LOG10(SUM(BG30:BL30)/(COUNT(R30,X30,AB30,AF30,AJ30,AN30)))) | P30: =IF(AND(Y30="",AC30="",AG30="",AK30="",AO30=""),S30,AVERAGE(S30,Y30,AC30,AG30,AK30,AO30)+STDEV(S30,Y30,AC30,AG30,AK30,AO30)) | Q30: 300 | R30: 98 | S30: 100.5 | T30: 118.3 | U30: 102.2 | V30: 103.9 | W30: 300 | X30: 96 | Y30: 98 | Z30: 112.3 | AA30: 300 | AB30: 94 | AC30: 94.3 | AD30: 99.1 | AE30: 300 | AF30: 95.9 | AG30: 94.4 | AH30: 113.4 | AI30: 300 | AJ30: 101.9 | AK30: 100.3 | AL30: 116.2 | AM30: 300 | AN30: 95.6 | AO30: 97.3 | AP30: 107.9 | AQ30: =IF(AND((O30)<85,N30<137),"NO","SI") | AR30: =IF((480*(10^(7.95-(O30/10))))<480,480*(10^(7.95-(O30/10))),480) | AS30: =IF((480*(10^(8.45-(O30/10))))<480,480*(10^(8.45-(O30/10))),480) | AT30: =IF((480*(10^(8.65-(O30/10))))<480,480*(10^(8.65-(O30/10))),480) | AU30: =IF(O30<80,"0",IF((P30-O30)<=2,('DPI art.191'!$G$3-(('DPI art.191'!$F$3-'DPI art.191'!$G$3)/4)*(P30-O30-2)),('DPI art.191'!$G$3-(('DPI art.191'!$F$3-'DPI art.191'!$H$3)/8)*(P30-O30-2)))) | AV30: =O30-AU30 | AW30: =IF(N30<135,N30,N30-'DPI art.191'!$I$3) | AX30: =IF(I30<80,"0",IF((J30-I30)<=2,('DPI art.191'!$G$7-(('DPI art.191'!$F$7-'DPI art.191'!$G$7)/4)*(I30-J30-2)),('DPI art.191'!$G$7-(('DPI art.191'!$G$7-'DPI art.191'!$H$7)/8)*(J30-I30-2)))) | AY30: =I30-AX30 | AZ30: =IF(H30<135,H30,H30-'DPI art.191'!$I$7) | BA30: =IF(O30<80,"0",IF((P30-O30)<=2,('DPI art.191'!$G$5-(('DPI art.191'!$F$5-'DPI art.191'!$G$5)/4)*(P30-O30-2)),('DPI art.191'!$G$5-(('DPI art.191'!$G$5-'DPI art.191'!$H$5)/8)*(P30-O30-2)))) | BB30: =R30-BA30 | BC30: =IF(N30<135,N30,N30-'DPI art.191'!$I$5) | BD30: =IF(O30<80,"0",IF((P30-O30)<=2,('DPI art.191'!$G$7-(('DPI art.191'!$F$7-'DPI art.191'!$G$7)/4)*(O30-P30-2)),('DPI art.191'!$G$7-(('DPI art.191'!$G$7-'DPI art.191'!$H$7)/8)*(P30-O30-2)))) | BE30: =O30-BD30 | BF30: =IF(N30<135,N30,N30-'DPI art.191'!$I$7) | BG30: =10^(0.1*R30) | BH30: =10^(0.1*X30) | BI30: =10^(0.1*AB30) | BJ30: =10^(0.1*AF30) | BK30: =10^(0.1*AJ30) | BL30: =10^(0.1*AN30) | BM30: =IF(R30>0,(O30-R30),"") | BN30: =IF(X30>0,(O30-X30),"") | BO30: =IF(AB30>0,(O30-AB30),"") | BP30: =IF(AF30>0,(O30-AF30),"") | BQ30: =IF(AJ30>0,(O30-AJ30),"") | BR30: =IF(AN30>0,(O30-AN30),"") | BS30: =COUNT(BM30:BR30) | BT30: =IF(BS30=0,0,IF(BS30=1,0,1/(BS30*(BS30-1)))) | BU30: =IF(R30>0,(BM30^2),"") | BV30: =IF(X30>0,(BN30^2),"") | BW30: =IF(AB30>0,(BO30^2),"") | BX30: =IF(AF30>0,(BP30^2),"") | BY30: =IF(AJ30>0,(BQ30^2),"") | BZ30: =IF(AN30>0,(BR30^2),"")
A31: 024/B/PRS702 | B31: D6 | C31: Saldatrice a filo | D31: ESAB | E31: LAW520W - MEK4S | F31: Saldatura | G31: 45996 | H31: Compito | I31: =IF((V31-R31)>3,"SI","") | J31: =IF((U31-R31)>3,"SI","") | M31: =IF(R31>0,(SQRT(BT31*(SUM(BU31:BZ31)))),"") | N31: =IF(T31>0,(MAX(T31,Z31,AD31,AH31,AL31,AP31))+SQRT(1.2^2+1^2),"") | O31: =IF(R31="",0,10*LOG10(SUM(BG31:BL31)/(COUNT(R31,X31,AB31,AF31,AJ31,AN31)))) | P31: =IF(AND(Y31="",AC31="",AG31="",AK31="",AO31=""),S31,AVERAGE(S31,Y31,AC31,AG31,AK31,AO31)+STDEV(S31,Y31,AC31,AG31,AK31,AO31)) | Q31: 300 | R31: 83.5 | S31: 84.9 | T31: 106.8 | U31: 83.5 | V31: 86.6 | W31: 300 | X31: 82.2 | Y31: 82.6 | Z31: 106.6 | AA31: 300 | AB31: 85.8 | AC31: 85.5 | AD31: 125.3 | AE31: 300 | AF31: 80.9 | AG31: 81.3 | AH31: 108.8 | AI31: 300 | AJ31: 77.7 | AK31: 78.6 | AL31: 103.3 | AM31: 300 | AN31: 74.9 | AO31: 77.7 | AP31: 98.2 | AQ31: =IF(AND((O31)<85,N31<137),"NO","SI") | AR31: =IF((480*(10^(7.95-(O31/10))))<480,480*(10^(7.95-(O31/10))),480) | AS31: =IF((480*(10^(8.45-(O31/10))))<480,480*(10^(8.45-(O31/10))),480) | AT31: =IF((480*(10^(8.65-(O31/10))))<480,480*(10^(8.65-(O31/10))),480) | AU31: =IF(O31<80,"0",IF((P31-O31)<=2,('DPI art.191'!$G$3-(('DPI art.191'!$F$3-'DPI art.191'!$G$3)/4)*(P31-O31-2)),('DPI art.191'!$G$3-(('DPI art.191'!$F$3-'DPI art.191'!$H$3)/8)*(P31-O31-2)))) | AV31: =O31-AU31 | AW31: =IF(N31<135,N31,N31-'DPI art.191'!$I$3) | AX31: =IF(I31<80,"0",IF((J31-I31)<=2,('DPI art.191'!$G$7-(('DPI art.191'!$F$7-'DPI art.191'!$G$7)/4)*(I31-J31-2)),('DPI art.191'!$G$7-(('DPI art.191'!$G$7-'DPI art.191'!$H$7)/8)*(J31-I31-2)))) | AY31: =I31-AX31 | AZ31: =IF(H31<135,H31,H31-'DPI art.191'!$I$7) | BA31: =IF(O31<80,"0",IF((P31-O31)<=2,('DPI art.191'!$G$5-(('DPI art.191'!$F$5-'DPI art.191'!$G$5)/4)*(P31-O31-2)),('DPI art.191'!$G$5-(('DPI art.191'!$G$5-'DPI art.191'!$H$5)/8)*(P31-O31-2)))) | BB31: =R31-BA31 | BC31: =IF(N31<135,N31,N31-'DPI art.191'!$I$5) | BD31: =IF(O31<80,"0",IF((P31-O31)<=2,('DPI art.191'!$G$7-(('DPI art.191'!$F$7-'DPI art.191'!$G$7)/4)*(O31-P31-2)),('DPI art.191'!$G$7-(('DPI art.191'!$G$7-'DPI art.191'!$H$7)/8)*(P31-O31-2)))) | BE31: =O31-BD31 | BF31: =IF(N31<135,N31,N31-'DPI art.191'!$I$7) | BG31: =10^(0.1*R31) | BH31: =10^(0.1*X31) | BI31: =10^(0.1*AB31) | BJ31: =10^(0.1*AF31) | BK31: =10^(0.1*AJ31) | BL31: =10^(0.1*AN31) | BM31: =IF(R31>0,(O31-R31),"") | BN31: =IF(X31>0,(O31-X31),"") | BO31: =IF(AB31>0,(O31-AB31),"") | BP31: =IF(AF31>0,(O31-AF31),"") | BQ31: =IF(AJ31>0,(O31-AJ31),"") | BR31: =IF(AN31>0,(O31-AN31),"") | BS31: =COUNT(BM31:BR31) | BT31: =IF(BS31=0,0,IF(BS31=1,0,1/(BS31*(BS31-1)))) | BU31: =IF(R31>0,(BM31^2),"") | BV31: =IF(X31>0,(BN31^2),"") | BW31: =IF(AB31>0,(BO31^2),"") | BX31: =IF(AF31>0,(BP31^2),"") | BY31: =IF(AJ31>0,(BQ31^2),"") | BZ31: =IF(AN31>0,(BR31^2),"")
A32: 252/05 | B32: D7 | C32: Calandra | D32: FACCIN | E32: 3HEL-2121 | F32: Calandratura | G32: 45996 | H32: Compito | I32: =IF((V32-R32)>3,"SI","") | J32: =IF((U32-R32)>3,"SI","") | M32: =IF(R32>0,(SQRT(BT32*(SUM(BU32:BZ32)))),"") | N32: =IF(T32>0,(MAX(T32,Z32,AD32,AH32,AL32,AP32))+SQRT(1.2^2+1^2),"") | O32: =IF(R32="",0,10*LOG10(SUM(BG32:BL32)/(COUNT(R32,X32,AB32,AF32,AJ32,AN32)))) | P32: =IF(AND(Y32="",AC32="",AG32="",AK32="",AO32=""),S32,AVERAGE(S32,Y32,AC32,AG32,AK32,AO32)+STDEV(S32,Y32,AC32,AG32,AK32,AO32)) | Q32: 300 | R32: 83.5 | S32: 83.7 | T32: 107.3 | U32: 83.4 | V32: 90.4 | W32: 300 | X32: 84.6 | Y32: 84.7 | Z32: 104.1 | AA32: 300 | AB32: 88.6 | AC32: 88.4 | AD32: 125.7 | AE32: 300 | AF32: 90.9 | AG32: 91.2 | AH32: 122.8 | AI32: 300 | AJ32: 88.5 | AK32: 88.7 | AL32: 124.6 | AM32: 300 | AN32: 85.5 | AO32: 84.8 | AP32: 107.2 | AQ32: =IF(AND((O32)<85,N32<137),"NO","SI") | AR32: =IF((480*(10^(7.95-(O32/10))))<480,480*(10^(7.95-(O32/10))),480) | AS32: =IF((480*(10^(8.45-(O32/10))))<480,480*(10^(8.45-(O32/10))),480) | AT32: =IF((480*(10^(8.65-(O32/10))))<480,480*(10^(8.65-(O32/10))),480) | AU32: =IF(O32<80,"0",IF((P32-O32)<=2,('DPI art.191'!$G$3-(('DPI art.191'!$F$3-'DPI art.191'!$G$3)/4)*(P32-O32-2)),('DPI art.191'!$G$3-(('DPI art.191'!$F$3-'DPI art.191'!$H$3)/8)*(P32-O32-2)))) | AV32: =O32-AU32 | AW32: =IF(N32<135,N32,N32-'DPI art.191'!$I$3) | AX32: =IF(I32<80,"0",IF((J32-I32)<=2,('DPI art.191'!$G$7-(('DPI art.191'!$F$7-'DPI art.191'!$G$7)/4)*(I32-J32-2)),('DPI art.191'!$G$7-(('DPI art.191'!$G$7-'DPI art.191'!$H$7)/8)*(J32-I32-2)))) | AY32: =I32-AX32 | AZ32: =IF(H32<135,H32,H32-'DPI art.191'!$I$7) | BA32: =IF(O32<80,"0",IF((P32-O32)<=2,('DPI art.191'!$G$5-(('DPI art.191'!$F$5-'DPI art.191'!$G$5)/4)*(P32-O32-2)),('DPI art.191'!$G$5-(('DPI art.191'!$G$5-'DPI art.191'!$H$5)/8)*(P32-O32-2)))) | BB32: =R32-BA32 | BC32: =IF(N32<135,N32,N32-'DPI art.191'!$I$5) | BD32: =IF(O32<80,"0",IF((P32-O32)<=2,('DPI art.191'!$G$7-(('DPI art.191'!$F$7-'DPI art.191'!$G$7)/4)*(O32-P32-2)),('DPI art.191'!$G$7-(('DPI art.191'!$G$7-'DPI art.191'!$H$7)/8)*(P32-O32-2)))) | BE32: =O32-BD32 | BF32: =IF(N32<135,N32,N32-'DPI art.191'!$I$7) | BG32: =10^(0.1*R32) | BH32: =10^(0.1*X32) | BI32: =10^(0.1*AB32) | BJ32: =10^(0.1*AF32) | BK32: =10^(0.1*AJ32) | BL32: =10^(0.1*AN32) | BM32: =IF(R32>0,(O32-R32),"") | BN32: =IF(X32>0,(O32-X32),"") | BO32: =IF(AB32>0,(O32-AB32),"") | BP32: =IF(AF32>0,(O32-AF32),"") | BQ32: =IF(AJ32>0,(O32-AJ32),"") | BR32: =IF(AN32>0,(O32-AN32),"") | BS32: =COUNT(BM32:BR32) | BT32: =IF(BS32=0,0,IF(BS32=1,0,1/(BS32*(BS32-1)))) | BU32: =IF(R32>0,(BM32^2),"") | BV32: =IF(X32>0,(BN32^2),"") | BW32: =IF(AB32>0,(BO32^2),"") | BX32: =IF(AF32>0,(BP32^2),"") | BY32: =IF(AJ32>0,(BQ32^2),"") | BZ32: =IF(AN32>0,(BR32^2),"")
A33: 257/01 | B33: D8 | C33: Cesoia punzonatrice | D33: OMERA | E33: OMM45HY - Multimatic 13 (max thk = 30mm) | F33: Punzonatura | G33: 45996 | H33: Compito | I33: =IF((V33-R33)>3,"SI","") | J33: SI | M33: =IF(R33>0,(SQRT(BT33*(SUM(BU33:BZ33)))),"") | N33: =IF(T33>0,(MAX(T33,Z33,AD33,AH33,AL33,AP33))+SQRT(1.2^2+1^2),"") | O33: =IF(R33="",0,10*LOG10(SUM(BG33:BL33)/(COUNT(R33,X33,AB33,AF33,AJ33,AN33)))) | P33: =IF(AND(Y33="",AC33="",AG33="",AK33="",AO33=""),S33,AVERAGE(S33,Y33,AC33,AG33,AK33,AO33)+STDEV(S33,Y33,AC33,AG33,AK33,AO33)) | Q33: 300 | R33: 83.5 | S33: 83.9 | T33: 110.4 | U33: 83.5 | V33: 86.5 | W33: 300 | X33: 84 | Y33: 84.3 | Z33: 103.7 | AA33: 300 | AB33: 85 | AC33: 85.1 | AD33: 116.6 | AE33: 300 | AF33: 82.6 | AG33: 82.9 | AH33: 109.2 | AI33: 300 | AJ33: 84.7 | AK33: 84.3 | AL33: 108.9 | AM33: 300 | AN33: 84.6 | AO33: 84.3 | AP33: 108.2 | AQ33: =IF(AND((O33)<85,N33<137),"NO","SI") | AR33: =IF((480*(10^(7.95-(O33/10))))<480,480*(10^(7.95-(O33/10))),480) | AS33: =IF((480*(10^(8.45-(O33/10))))<480,480*(10^(8.45-(O33/10))),480) | AT33: =IF((480*(10^(8.65-(O33/10))))<480,480*(10^(8.65-(O33/10))),480) | AU33: =IF(O33<80,"0",IF((P33-O33)<=2,('DPI art.191'!$G$3-(('DPI art.191'!$F$3-'DPI art.191'!$G$3)/4)*(P33-O33-2)),('DPI art.191'!$G$3-(('DPI art.191'!$F$3-'DPI art.191'!$H$3)/8)*(P33-O33-2)))) | AV33: =O33-AU33 | AW33: =IF(N33<135,N33,N33-'DPI art.191'!$I$3) | AX33: =IF(I33<80,"0",IF((J33-I33)<=2,('DPI art.191'!$G$7-(('DPI art.191'!$F$7-'DPI art.191'!$G$7)/4)*(I33-J33-2)),('DPI art.191'!$G$7-(('DPI art.191'!$G$7-'DPI art.191'!$H$7)/8)*(J33-I33-2)))) | AY33: =I33-AX33 | AZ33: =IF(H33<135,H33,H33-'DPI art.191'!$I$7) | BA33: =IF(O33<80,"0",IF((P33-O33)<=2,('DPI art.191'!$G$5-(('DPI art.191'!$F$5-'DPI art.191'!$G$5)/4)*(P33-O33-2)),('DPI art.191'!$G$5-(('DPI art.191'!$G$5-'DPI art.191'!$H$5)/8)*(P33-O33-2)))) | BB33: =R33-BA33 | BC33: =IF(N33<135,N33,N33-'DPI art.191'!$I$5) | BD33: =IF(O33<80,"0",IF((P33-O33)<=2,('DPI art.191'!$G$7-(('DPI art.191'!$F$7-'DPI art.191'!$G$7)/4)*(O33-P33-2)),('DPI art.191'!$G$7-(('DPI art.191'!$G$7-'DPI art.191'!$H$7)/8)*(P33-O33-2)))) | BE33: =O33-BD33 | BF33: =IF(N33<135,N33,N33-'DPI art.191'!$I$7) | BG33: =10^(0.1*R33) | BH33: =10^(0.1*X33) | BI33: =10^(0.1*AB33) | BJ33: =10^(0.1*AF33) | BK33: =10^(0.1*AJ33) | BL33: =10^(0.1*AN33) | BM33: =IF(R33>0,(O33-R33),"") | BN33: =IF(X33>0,(O33-X33),"") | BO33: =IF(AB33>0,(O33-AB33),"") | BP33: =IF(AF33>0,(O33-AF33),"") | BQ33: =IF(AJ33>0,(O33-AJ33),"") | BR33: =IF(AN33>0,(O33-AN33),"") | BS33: =COUNT(BM33:BR33) | BT33: =IF(BS33=0,0,IF(BS33=1,0,1/(BS33*(BS33-1)))) | BU33: =IF(R33>0,(BM33^2),"") | BV33: =IF(X33>0,(BN33^2),"") | BW33: =IF(AB33>0,(BO33^2),"") | BX33: =IF(AF33>0,(BP33^2),"") | BY33: =IF(AJ33>0,(BQ33^2),"") | BZ33: =IF(AN33>0,(BR33^2),"")
A34: Gualdo 1 | B34: D9 | C34: Movimentazioni esterne | D34: / | E34: / | F34: Movimentazioni esterne | G34: 45996 | H34: Compito | I34: =IF((V34-R34)>3,"SI","") | J34: =IF((U34-R34)>3,"SI","") | M34: =IF(R34>0,(SQRT(BT34*(SUM(BU34:BZ34)))),"") | N34: =IF(T34>0,(MAX(T34,Z34,AD34,AH34,AL34,AP34))+SQRT(1.2^2+1^2),"") | O34: =IF(R34="",0,10*LOG10(SUM(BG34:BL34)/(COUNT(R34,X34,AB34,AF34,AJ34,AN34)))) | P34: =IF(AND(Y34="",AC34="",AG34="",AK34="",AO34=""),S34,AVERAGE(S34,Y34,AC34,AG34,AK34,AO34)+STDEV(S34,Y34,AC34,AG34,AK34,AO34)) | Q34: 300 | R34: 68.5 | S34: 81.3 | T34: 98.1 | U34: 68.5 | V34: 71.7 | W34: 300 | X34: 71 | Y34: 82.1 | Z34: 111.1 | AA34: 300 | AB34: 69.4 | AC34: 81.1 | AD34: 104.1 | AE34: 300 | AF34: 66.7 | AG34: 76.9 | AH34: 99.2 | AI34: 300 | AJ34: 64.3 | AK34: 77.4 | AL34: 93.7 | AM34: 300 | AN34: 63.9 | AO34: 78.1 | AP34: 99.6 | AQ34: =IF(AND((O34)<85,N34<137),"NO","SI") | AR34: =IF((480*(10^(7.95-(O34/10))))<480,480*(10^(7.95-(O34/10))),480) | AS34: =IF((480*(10^(8.45-(O34/10))))<480,480*(10^(8.45-(O34/10))),480) | AT34: =IF((480*(10^(8.65-(O34/10))))<480,480*(10^(8.65-(O34/10))),480) | AU34: =IF(O34<80,"0",IF((P34-O34)<=2,('DPI art.191'!$G$3-(('DPI art.191'!$F$3-'DPI art.191'!$G$3)/4)*(P34-O34-2)),('DPI art.191'!$G$3-(('DPI art.191'!$F$3-'DPI art.191'!$H$3)/8)*(P34-O34-2)))) | AV34: =O34-AU34 | AW34: =IF(N34<135,N34,N34-'DPI art.191'!$I$3) | AX34: =IF(I34<80,"0",IF((J34-I34)<=2,('DPI art.191'!$G$7-(('DPI art.191'!$F$7-'DPI art.191'!$G$7)/4)*(I34-J34-2)),('DPI art.191'!$G$7-(('DPI art.191'!$G$7-'DPI art.191'!$H$7)/8)*(J34-I34-2)))) | AY34: =I34-AX34 | AZ34: =IF(H34<135,H34,H34-'DPI art.191'!$I$7) | BA34: =IF(O34<80,"0",IF((P34-O34)<=2,('DPI art.191'!$G$5-(('DPI art.191'!$F$5-'DPI art.191'!$G$5)/4)*(P34-O34-2)),('DPI art.191'!$G$5-(('DPI art.191'!$G$5-'DPI art.191'!$H$5)/8)*(P34-O34-2)))) | BB34: =R34-BA34 | BC34: =IF(N34<135,N34,N34-'DPI art.191'!$I$5) | BD34: =IF(O34<80,"0",IF((P34-O34)<=2,('DPI art.191'!$G$7-(('DPI art.191'!$F$7-'DPI art.191'!$G$7)/4)*(O34-P34-2)),('DPI art.191'!$G$7-(('DPI art.191'!$G$7-'DPI art.191'!$H$7)/8)*(P34-O34-2)))) | BE34: =O34-BD34 | BF34: =IF(N34<135,N34,N34-'DPI art.191'!$I$7) | BG34: =10^(0.1*R34) | BH34: =10^(0.1*X34) | BI34: =10^(0.1*AB34) | BJ34: =10^(0.1*AF34) | BK34: =10^(0.1*AJ34) | BL34: =10^(0.1*AN34) | BM34: =IF(R34>0,(O34-R34),"") | BN34: =IF(X34>0,(O34-X34),"") | BO34: =IF(AB34>0,(O34-AB34),"") | BP34: =IF(AF34>0,(O34-AF34),"") | BQ34: =IF(AJ34>0,(O34-AJ34),"") | BR34: =IF(AN34>0,(O34-AN34),"") | BS34: =COUNT(BM34:BR34) | BT34: =IF(BS34=0,0,IF(BS34=1,0,1/(BS34*(BS34-1)))) | BU34: =IF(R34>0,(BM34^2),"") | BV34: =IF(X34>0,(BN34^2),"") | BW34: =IF(AB34>0,(BO34^2),"") | BX34: =IF(AF34>0,(BP34^2),"") | BY34: =IF(AJ34>0,(BQ34^2),"") | BZ34: =IF(AN34>0,(BR34^2),"")
A35: Gualdo 1 | B35: D10 | C35: Ufficio spedizioni | D35: / | E35: / | F35: Attività di ufficio | G35: 45996 | H35: Compito | I35: =IF((V35-R35)>3,"SI","") | J35: =IF((U35-R35)>3,"SI","") | M35: =IF(R35>0,(SQRT(BT35*(SUM(BU35:BZ35)))),"") | N35: =IF(T35>0,(MAX(T35,Z35,AD35,AH35,AL35,AP35))+SQRT(1.2^2+1^2),"") | O35: =IF(R35="",0,10*LOG10(SUM(BG35:BL35)/(COUNT(R35,X35,AB35,AF35,AJ35,AN35)))) | P35: =IF(AND(Y35="",AC35="",AG35="",AK35="",AO35=""),S35,AVERAGE(S35,Y35,AC35,AG35,AK35,AO35)+STDEV(S35,Y35,AC35,AG35,AK35,AO35)) | Q35: 300 | R35: 59.4 | S35: 65.6 | T35: 98.6 | U35: 59.6 | V35: 67.2 | W35: 300 | X35: 49.7 | Y35: 60.1 | Z35: 89.4 | AA35: 300 | AB35: 54.6 | AC35: 61.7 | AD35: 97.1 | AE35: 300 | AF35: 54.4 | AG35: 59.3 | AH35: 82.5 | AI35: 300 | AJ35: 49.1 | AK35: 62.9 | AL35: 89.8 | AM35: 300 | AN35: 57.5 | AO35: 63.9 | AP35: 95.1 | AQ35: =IF(AND((O35)<85,N35<137),"NO","SI") | AR35: =IF((480*(10^(7.95-(O35/10))))<480,480*(10^(7.95-(O35/10))),480) | AS35: =IF((480*(10^(8.45-(O35/10))))<480,480*(10^(8.45-(O35/10))),480) | AT35: =IF((480*(10^(8.65-(O35/10))))<480,480*(10^(8.65-(O35/10))),480) | AU35: =IF(O35<80,"0",IF((P35-O35)<=2,('DPI art.191'!$G$3-(('DPI art.191'!$F$3-'DPI art.191'!$G$3)/4)*(P35-O35-2)),('DPI art.191'!$G$3-(('DPI art.191'!$G$3-'DPI art.191'!$H$3)/8)*(P35-O35-2)))) | AV35: =O35-AU35 | AW35: =IF(N35<135,N35,N35-'DPI art.191'!$I$3) | AX35: =IF(I35<80,"0",IF((J35-I35)<=2,('DPI art.191'!$G$7-(('DPI art.191'!$F$7-'DPI art.191'!$G$7)/4)*(I35-J35-2)),('DPI art.191'!$G$7-(('DPI art.191'!$G$7-'DPI art.191'!$H$7)/8)*(J35-I35-2)))) | AY35: =I35-AX35 | AZ35: =IF(H35<135,H35,H35-'DPI art.191'!$I$7) | BA35: =IF(O35<80,"0",IF((P35-O35)<=2,('DPI art.191'!$G$5-(('DPI art.191'!$F$5-'DPI art.191'!$G$5)/4)*(P35-O35-2)),('DPI art.191'!$G$5-(('DPI art.191'!$G$5-'DPI art.191'!$H$5)/8)*(P35-O35-2)))) | BB35: =R35-BA35 | BC35: =IF(N35<135,N35,N35-'DPI art.191'!$I$5) | BD35: =IF(O35<80,"0",IF((P35-O35)<=2,('DPI art.191'!$G$7-(('DPI art.191'!$F$7-'DPI art.191'!$G$7)/4)*(O35-P35-2)),('DPI art.191'!$G$7-(('DPI art.191'!$G$7-'DPI art.191'!$H$7)/8)*(P35-O35-2)))) | BE35: =O35-BD35 | BF35: =IF(N35<135,N35,N35-'DPI art.191'!$I$7) | BG35: =10^(0.1*R35) | BH35: =10^(0.1*X35) | BI35: =10^(0.1*AB35) | BJ35: =10^(0.1*AF35) | BK35: =10^(0.1*AJ35) | BL35: =10^(0.1*AN35) | BM35: =IF(R35>0,(O35-R35),"") | BN35: =IF(X35>0,(O35-X35),"") | BO35: =IF(AB35>0,(O35-AB35),"") | BP35: =IF(AF35>0,(O35-AF35),"") | BQ35: =IF(AJ35>0,(O35-AJ35),"") | BR35: =IF(AN35>0,(O35-AN35),"") | BS35: =COUNT(BM35:BR35) | BT35: =IF(BS35=0,0,IF(BS35=1,0,1/(BS35*(BS35-1)))) | BU35: =IF(R35>0,(BM35^2),"") | BV35: =IF(X35>0,(BN35^2),"") | BW35: =IF(AB35>0,(BO35^2),"") | BX35: =IF(AF35>0,(BP35^2),"") | BY35: =IF(AJ35>0,(BQ35^2),"") | BZ35: =IF(AN35>0,(BR35^2),"")
A36: Gualdo 1 | B36: D11 | C36: Magazzino produzione | D36: / | E36: / | F36: Attività di magazzino | G36: 45996 | H36: Compito | I36: =IF((V36-R36)>3,"SI","") | J36: SI | M36: =IF(R36>0,(SQRT(BT36*(SUM(BU36:BZ36)))),"") | N36: =IF(T36>0,(MAX(T36,Z36,AD36,AH36,AL36,AP36))+SQRT(1.2^2+1^2),"") | O36: =IF(R36="",0,10*LOG10(SUM(BG36:BL36)/(COUNT(R36,X36,AB36,AF36,AJ36,AN36)))) | P36: =IF(AND(Y36="",AC36="",AG36="",AK36="",AO36=""),S36,AVERAGE(S36,Y36,AC36,AG36,AK36,AO36)+STDEV(S36,Y36,AC36,AG36,AK36,AO36)) | Q36: 300 | R36: 73.4 | S36: 75.5 | T36: 94.5 | U36: 73.4 | V36: 75 | W36: 300 | X36: 70.3 | Y36: 72.9 | Z36: 89.1 | AA36: 300 | AB36: 73.2 | AC36: 74.6 | AD36: 95.5 | AE36: 300 | AF36: 70.3 | AG36: 74.8 | AH36: 96.9 | AI36: 300 | AJ36: 73.2 | AK36: 75.3 | AL36: 94.3 | AM36: 300 | AN36: 71.9 | AO36: 74.6 | AP36: 104.1 | AQ36: =IF(AND((O36)<85,N36<137),"NO","SI") | AR36: =IF((480*(10^(7.95-(O36/10))))<480,480*(10^(7.95-(O36/10))),480) | AS36: =IF((480*(10^(8.45-(O36/10))))<480,480*(10^(8.45-(O36/10))),480) | AT36: =IF((480*(10^(8.65-(O36/10))))<480,480*(10^(8.65-(O36/10))),480) | AU36: =IF(O36<80,"0",IF((P36-O36)<=2,('DPI art.191'!$G$3-(('DPI art.191'!$F$3-'DPI art.191'!$G$3)/4)*(P36-O36-2)),('DPI art.191'!$G$3-(('DPI art.191'!$G$3-'DPI art.191'!$H$3)/8)*(P36-O36-2)))) | AV36: =O36-AU36 | AW36: =IF(N36<135,N36,N36-'DPI art.191'!$I$3) | AX36: =IF(I36<80,"0",IF((J36-I36)<=2,('DPI art.191'!$G$7-(('DPI art.191'!$F$7-'DPI art.191'!$G$7)/4)*(I36-J36-2)),('DPI art.191'!$G$7-(('DPI art.191'!$G$7-'DPI art.191'!$H$7)/8)*(J36-I36-2)))) | AY36: =I36-AX36 | AZ36: =IF(H36<135,H36,H36-'DPI art.191'!$I$7) | BA36: =IF(O36<80,"0",IF((P36-O36)<=2,('DPI art.191'!$G$5-(('DPI art.191'!$F$5-'DPI art.191'!$G$5)/4)*(P36-O36-2)),('DPI art.191'!$G$5-(('DPI art.191'!$G$5-'DPI art.191'!$H$5)/8)*(P36-O36-2)))) | BB36: =R36-BA36 | BC36: =IF(N36<135,N36,N36-'DPI art.191'!$I$5) | BD36: =IF(O36<80,"0",IF((P36-O36)<=2,('DPI art.191'!$G$7-(('DPI art.191'!$F$7-'DPI art.191'!$G$7)/4)*(O36-P36-2)),('DPI art.191'!$G$7-(('DPI art.191'!$G$7-'DPI art.191'!$H$7)/8)*(P36-O36-2)))) | BE36: =O36-BD36 | BF36: =IF(N36<135,N36,N36-'DPI art.191'!$I$7) | BG36: =10^(0.1*R36) | BH36: =10^(0.1*X36) | BI36: =10^(0.1*AB36) | BJ36: =10^(0.1*AF36) | BK36: =10^(0.1*AJ36) | BL36: =10^(0.1*AN36) | BM36: =IF(R36>0,(O36-R36),"") | BN36: =IF(X36>0,(O36-X36),"") | BO36: =IF(AB36>0,(O36-AB36),"") | BP36: =IF(AF36>0,(O36-AF36),"") | BQ36: =IF(AJ36>0,(O36-AJ36),"") | BR36: =IF(AN36>0,(O36-AN36),"") | BS36: =COUNT(BM36:BR36) | BT36: =IF(BS36=0,0,IF(BS36=1,0,1/(BS36*(BS36-1)))) | BU36: =IF(R36>0,(BM36^2),"") | BV36: =IF(X36>0,(BN36^2),"") | BW36: =IF(AB36>0,(BO36^2),"") | BX36: =IF(AF36>0,(BP36^2),"") | BY36: =IF(AJ36>0,(BQ36^2),"") | BZ36: =IF(AN36>0,(BR36^2),"")
A37: Gualdo 2 | B37: D12 | C37: Ambientale magazzino con operazioni di molatura in reparto officina | D37: / | E37: / | F37: Attività di magazzino | G37: 46003 | H37: Compito | I37: =IF((V37-R37)>3,"SI","") | J37: SI | M37: =IF(R37>0,(SQRT(BT37*(SUM(BU37:BZ37)))),"") | N37: =IF(T37>0,(MAX(T37,Z37,AD37,AH37,AL37,AP37))+SQRT(1.2^2+1^2),"") | O37: =IF(R37="",0,10*LOG10(SUM(BG37:BL37)/(COUNT(R37,X37,AB37,AF37,AJ37,AN37)))) | P37: =IF(AND(Y37="",AC37="",AG37="",AK37="",AO37=""),S37,AVERAGE(S37,Y37,AC37,AG37,AK37,AO37)+STDEV(S37,Y37,AC37,AG37,AK37,AO37)) | Q37: 300 | R37: 59.2 | S37: 58.7 | T37: 85.7 | U37: 59.2 | V37: 61 | W37: 300 | X37: 62.2 | Y37: 62 | Z37: 98.3 | AA37: 300 | AB37: 61.2 | AC37: 62 | AD37: 96.6 | AE37: 300 | AF37: 59.2 | AG37: 60.4 | AH37: 93.6 | AI37: 300 | AJ37: 60.2 | AK37: 61.1 | AL37: 89.4 | AM37: 300 | AN37: 50 | AO37: 57.2 | AP37: 94.9 | AQ37: =IF(AND((O37)<85,N37<137),"NO","SI") | AR37: =IF((480*(10^(7.95-(O37/10))))<480,480*(10^(7.95-(O37/10))),480) | AS37: =IF((480*(10^(8.45-(O37/10))))<480,480*(10^(8.45-(O37/10))),480) | AT37: =IF((480*(10^(8.65-(O37/10))))<480,480*(10^(8.65-(O37/10))),480) | AU37: =IF(O37<80,"0",IF((P37-O37)<=2,('DPI art.191'!$G$3-(('DPI art.191'!$F$3-'DPI art.191'!$G$3)/4)*(P37-O37-2)),('DPI art.191'!$G$3-(('DPI art.191'!$G$3-'DPI art.191'!$H$3)/8)*(P37-O37-2)))) | AV37: =O37-AU37 | AW37: =IF(N37<135,N37,N37-'DPI art.191'!$I$3) | AX37: =IF(I37<80,"0",IF((J37-I37)<=2,('DPI art.191'!$G$7-(('DPI art.191'!$F$7-'DPI art.191'!$G$7)/4)*(I37-J37-2)),('DPI art.191'!$G$7-(('DPI art.191'!$G$7-'DPI art.191'!$H$7)/8)*(J37-I37-2)))) | AY37: =I37-AX37 | AZ37: =IF(H37<135,H37,H37-'DPI art.191'!$I$7) | BA37: =IF(O37<80,"0",IF((P37-O37)<=2,('DPI art.191'!$G$5-(('DPI art.191'!$F$5-'DPI art.191'!$G$5)/4)*(P37-O37-2)),('DPI art.191'!$G$5-(('DPI art.191'!$G$5-'DPI art.191'!$H$5)/8)*(P37-O37-2)))) | BB37: =R37-BA37 | BC37: =IF(N37<135,N37,N37-'DPI art.191'!$I$5) | BD37: =IF(O37<80,"0",IF((P37-O37)<=2,('DPI art.191'!$G$7-(('DPI art.191'!$F$7-'DPI art.191'!$G$7)/4)*(O37-P37-2)),('DPI art.191'!$G$7-(('DPI art.191'!$G$7-'DPI art.191'!$H$7)/8)*(P37-O37-2)))) | BE37: =O37-BD37 | BF37: =IF(N37<135,N37,N37-'DPI art.191'!$I$7) | BG37: =10^(0.1*R37) | BH37: =10^(0.1*X37) | BI37: =10^(0.1*AB37) | BJ37: =10^(0.1*AF37) | BK37: =10^(0.1*AJ37) | BL37: =10^(0.1*AN37) | BM37: =IF(R37>0,(O37-R37),"") | BN37: =IF(X37>0,(O37-X37),"") | BO37: =IF(AB37>0,(O37-AB37),"") | BP37: =IF(AF37>0,(O37-AF37),"") | BQ37: =IF(AJ37>0,(O37-AJ37),"") | BR37: =IF(AN37>0,(O37-AN37),"") | BS37: =COUNT(BM37:BR37) | BT37: =IF(BS37=0,0,IF(BS37=1,0,1/(BS37*(BS37-1)))) | BU37: =IF(R37>0,(BM37^2),"") | BV37: =IF(X37>0,(BN37^2),"") | BW37: =IF(AB37>0,(BO37^2),"") | BX37: =IF(AF37>0,(BP37^2),"") | BY37: =IF(AJ37>0,(BQ37^2),"") | BZ37: =IF(AN37>0,(BR37^2),"")
A38: Gualdo 2 | B38: D13 | C38: Ambientale magazzino con operazioni di movimentazione in reparto officina | D38: / | E38: / | F38: Attività di magazzino | G38: 46003 | H38: Compito | I38: =IF((V38-R38)>3,"SI","") | J38: =IF((U38-R38)>3,"SI","") | M38: =IF(R38>0,(SQRT(BT38*(SUM(BU38:BZ38)))),"") | N38: =IF(T38>0,(MAX(T38,Z38,AD38,AH38,AL38,AP38))+SQRT(1.2^2+1^2),"") | O38: =IF(R38="",0,10*LOG10(SUM(BG38:BL38)/(COUNT(R38,X38,AB38,AF38,AJ38,AN38)))) | P38: =IF(AND(Y38="",AC38="",AG38="",AK38="",AO38=""),S38,AVERAGE(S38,Y38,AC38,AG38,AK38,AO38)+STDEV(S38,Y38,AC38,AG38,AK38,AO38)) | Q38: 300 | R38: 47 | S38: 61.3 | T38: 93.1 | U38: 46.8 | V38: 54.6 | W38: 300 | X38: 47 | Y38: 54.8 | Z38: 88.1 | AA38: 300 | AB38: 50.7 | AC38: 54.9 | AD38: 86.2 | AE38: 300 | AF38: 47.9 | AG38: 58.6 | AH38: 85.3 | AI38: 300 | AJ38: 45.1 | AK38: 55.8 | AL38: 82.7 | AM38: 300 | AN38: 39.5 | AO38: 50.3 | AP38: 68.9 | AQ38: =IF(AND((O38)<85,N38<137),"NO","SI") | AR38: =IF((480*(10^(7.95-(O38/10))))<480,480*(10^(7.95-(O38/10))),480) | AS38: =IF((480*(10^(8.45-(O38/10))))<480,480*(10^(8.45-(O38/10))),480) | AT38: =IF((480*(10^(8.65-(O38/10))))<480,480*(10^(8.65-(O38/10))),480) | AU38: =IF(O38<80,"0",IF((P38-O38)<=2,('DPI art.191'!$G$3-(('DPI art.191'!$F$3-'DPI art.191'!$G$3)/4)*(P38-O38-2)),('DPI art.191'!$G$3-(('DPI art.191'!$G$3-'DPI art.191'!$H$3)/8)*(P38-O38-2)))) | AV38: =O38-AU38 | AW38: =IF(N38<135,N38,N38-'DPI art.191'!$I$3) | AX38: =IF(I38<80,"0",IF((J38-I38)<=2,('DPI art.191'!$G$7-(('DPI art.191'!$F$7-'DPI art.191'!$G$7)/4)*(I38-J38-2)),('DPI art.191'!$G$7-(('DPI art.191'!$G$7-'DPI art.191'!$H$7)/8)*(J38-I38-2)))) | AY38: =I38-AX38 | AZ38: =IF(H38<135,H38,H38-'DPI art.191'!$I$7) | BA38: =IF(O38<80,"0",IF((P38-O38)<=2,('DPI art.191'!$G$5-(('DPI art.191'!$F$5-'DPI art.191'!$G$5)/4)*(P38-O38-2)),('DPI art.191'!$G$5-(('DPI art.191'!$G$5-'DPI art.191'!$H$5)/8)*(P38-O38-2)))) | BB38: =R38-BA38 | BC38: =IF(N38<135,N38,N38-'DPI art.191'!$I$5) | BD38: =IF(O38<80,"0",IF((P38-O38)<=2,('DPI art.191'!$G$7-(('DPI art.191'!$F$7-'DPI art.191'!$G$7)/4)*(O38-P38-2)),('DPI art.191'!$G$7-(('DPI art.191'!$G$7-'DPI art.191'!$H$7)/8)*(P38-O38-2)))) | BE38: =O38-BD38 | BF38: =IF(N38<135,N38,N38-'DPI art.191'!$I$7) | BG38: =10^(0.1*R38) | BH38: =10^(0.1*X38) | BI38: =10^(0.1*AB38) | BJ38: =10^(0.1*AF38) | BK38: =10^(0.1*AJ38) | BL38: =10^(0.1*AN38) | BM38: =IF(R38>0,(O38-R38),"") | BN38: =IF(X38>0,(O38-X38),"") | BO38: =IF(AB38>0,(O38-AB38),"") | BP38: =IF(AF38>0,(O38-AF38),"") | BQ38: =IF(AJ38>0,(O38-AJ38),"") | BR38: =IF(AN38>0,(O38-AN38),"") | BS38: =COUNT(BM38:BR38) | BT38: =IF(BS38=0,0,IF(BS38=1,0,1/(BS38*(BS38-1)))) | BU38: =IF(R38>0,(BM38^2),"") | BV38: =IF(X38>0,(BN38^2),"") | BW38: =IF(AB38>0,(BO38^2),"") | BX38: =IF(AF38>0,(BP38^2),"") | BY38: =IF(AJ38>0,(BQ38^2),"") | BZ38: =IF(AN38>0,(BR38^2),"")
A39: 024/B/PRS748 | B39: D14 | C39: Saldatrice a filo - puntatura | D39: ESAB | E39: Generat. ARISTO MIG 5000I W MA6 Trainaf. ORIGO FEED 4804W MA24 10P | F39: Preparazione saldatura | G39: 46003 | H39: Compito | I39: =IF((V39-R39)>3,"SI","") | J39: =IF((U39-R39)>3,"SI","") | M39: =IF(R39>0,(SQRT(BT39*(SUM(BU39:BZ39)))),"") | N39: =IF(T39>0,(MAX(T39,Z39,AD39,AH39,AL39,AP39))+SQRT(1.2^2+1^2),"") | O39: =IF(R39="",0,10*LOG10(SUM(BG39:BL39)/(COUNT(R39,X39,AB39,AF39,AJ39,AN39)))) | P39: =IF(AND(Y39="",AC39="",AG39="",AK39="",AO39=""),S39,AVERAGE(S39,Y39,AC39,AG39,AK39,AO39)+STDEV(S39,Y39,AC39,AG39,AK39,AO39)) | Q39: 300 | R39: 41.4 | S39: 52.3 | T39: 83.2 | U39: 41.4 | V39: 47.1 | W39: 300 | X39: 39 | Y39: 53.2 | Z39: 88 | AA39: 300 | AB39: 40.2 | AC39: 50.8 | AD39: 79.3 | AE39: 300 | AF39: 57 | AG39: 59.9 | AH39: 91 | AI39: 300 | AJ39: 55.3 | AK39: 58.2 | AL39: 92.4 | AM39: 300 | AN39: 61.8 | AO39: 62.7 | AP39: 91.9 | AQ39: =IF(AND((O39)<85,N39<137),"NO","SI") | AR39: =IF((480*(10^(7.95-(O39/10))))<480,480*(10^(7.95-(O39/10))),480) | AS39: =IF((480*(10^(8.45-(O39/10))))<480,480*(10^(8.45-(O39/10))),480) | AT39: =IF((480*(10^(8.65-(O39/10))))<480,480*(10^(8.65-(O39/10))),480) | AU39: =IF(O39<80,"0",IF((P39-O39)<=2,('DPI art.191'!$G$3-(('DPI art.191'!$F$3-'DPI art.191'!$G$3)/4)*(P39-O39-2)),('DPI art.191'!$G$3-(('DPI art.191'!$G$3-'DPI art.191'!$H$3)/8)*(P39-O39-2)))) | AV39: =O39-AU39 | AW39: =IF(N39<135,N39,N39-'DPI art.191'!$I$3) | AX39: =IF(I39<80,"0",IF((J39-I39)<=2,('DPI art.191'!$G$7-(('DPI art.191'!$F$7-'DPI art.191'!$G$7)/4)*(I39-J39-2)),('DPI art.191'!$G$7-(('DPI art.191'!$G$7-'DPI art.191'!$H$7)/8)*(J39-I39-2)))) | AY39: =I39-AX39 | AZ39: =IF(H39<135,H39,H39-'DPI art.191'!$I$7) | BA39: =IF(O39<80,"0",IF((P39-O39)<=2,('DPI art.191'!$G$5-(('DPI art.191'!$F$5-'DPI art.191'!$G$5)/4)*(P39-O39-2)),('DPI art.191'!$G$5-(('DPI art.191'!$G$5-'DPI art.191'!$H$5)/8)*(P39-O39-2)))) | BB39: =R39-BA39 | BC39: =IF(N39<135,N39,N39-'DPI art.191'!$I$5) | BD39: =IF(O39<80,"0",IF((P39-O39)<=2,('DPI art.191'!$G$7-(('DPI art.191'!$F$7-'DPI art.191'!$G$7)/4)*(O39-P39-2)),('DPI art.191'!$G$7-(('DPI art.191'!$G$7-'DPI art.191'!$H$7)/8)*(P39-O39-2)))) | BE39: =O39-BD39 | BF39: =IF(N39<135,N39,N39-'DPI art.191'!$I$7) | BG39: =10^(0.1*R39) | BH39: =10^(0.1*X39) | BI39: =10^(0.1*AB39) | BJ39: =10^(0.1*AF39) | BK39: =10^(0.1*AJ39) | BL39: =10^(0.1*AN39) | BM39: =IF(R39>0,(O39-R39),"") | BN39: =IF(X39>0,(O39-X39),"") | BO39: =IF(AB39>0,(O39-AB39),"") | BP39: =IF(AF39>0,(O39-AF39),"") | BQ39: =IF(AJ39>0,(O39-AJ39),"") | BR39: =IF(AN39>0,(O39-AN39),"") | BS39: =COUNT(BM39:BR39) | BT39: =IF(BS39=0,0,IF(BS39=1,0,1/(BS39*(BS39-1)))) | BU39: =IF(R39>0,(BM39^2),"") | BV39: =IF(X39>0,(BN39^2),"") | BW39: =IF(AB39>0,(BO39^2),"") | BX39: =IF(AF39>0,(BP39^2),"") | BY39: =IF(AJ39>0,(BQ39^2),"") | BZ39: =IF(AN39>0,(BR39^2),"")
A40: 273/10 | B40: D15 | C40: Sega a nastro | D40: BIANCO | E40: 270 SA 60° - Ø 250mm | F40: Taglio con sega a nastro | G40: 46003 | H40: Compito | I40: =IF((V40-R40)>3,"SI","") | J40: =IF((U40-R40)>3,"SI","") | M40: =IF(R40>0,(SQRT(BT40*(SUM(BU40:BZ40)))),"") | N40: =IF(T40>0,(MAX(T40,Z40,AD40,AH40,AL40,AP40))+SQRT(1.2^2+1^2),"") | O40: =IF(R40="",0,10*LOG10(SUM(BG40:BL40)/(COUNT(R40,X40,AB40,AF40,AJ40,AN40)))) | P40: =IF(AND(Y40="",AC40="",AG40="",AK40="",AO40=""),S40,AVERAGE(S40,Y40,AC40,AG40,AK40,AO40)+STDEV(S40,Y40,AC40,AG40,AK40,AO40)) | Q40: 300 | R40: 81 | S40: 82.2 | T40: 120.2 | U40: 81.1 | V40: 86.8 | W40: 300 | X40: 84.3 | Y40: 84.1 | Z40: 125.5 | AA40: 300 | AB40: 85.4 | AC40: 85 | AD40: 122.4 | AE40: 300 | AF40: 83.4 | AG40: 83.6 | AH40: 117.7 | AI40: 300 | AJ40: 82.9 | AK40: 83.1 | AL40: 118.6 | AM40: 300 | AN40: 81.4 | AO40: 81.9 | AP40: 121.9 | AQ40: =IF(AND((O40)<85,N40<137),"NO","SI") | AR40: =IF((480*(10^(7.95-(O40/10))))<480,480*(10^(7.95-(O40/10))),480) | AS40: =IF((480*(10^(8.45-(O40/10))))<480,480*(10^(8.45-(O40/10))),480) | AT40: =IF((480*(10^(8.65-(O40/10))))<480,480*(10^(8.65-(O40/10))),480) | AU40: =IF(O40<80,"0",IF((P40-O40)<=2,('DPI art.191'!$G$3-(('DPI art.191'!$F$3-'DPI art.191'!$G$3)/4)*(P40-O40-2)),('DPI art.191'!$G$3-(('DPI art.191'!$G$3-'DPI art.191'!$H$3)/8)*(P40-O40-2)))) | AV40: =O40-AU40 | AW40: =IF(N40<135,N40,N40-'DPI art.191'!$I$3) | AX40: =IF(I40<80,"0",IF((J40-I40)<=2,('DPI art.191'!$G$7-(('DPI art.191'!$F$7-'DPI art.191'!$G$7)/4)*(I40-J40-2)),('DPI art.191'!$G$7-(('DPI art.191'!$G$7-'DPI art.191'!$H$7)/8)*(J40-I40-2)))) | AY40: =I40-AX40 | AZ40: =IF(H40<135,H40,H40-'DPI art.191'!$I$7) | BA40: =IF(O40<80,"0",IF((P40-O40)<=2,('DPI art.191'!$G$5-(('DPI art.191'!$F$5-'DPI art.191'!$G$5)/4)*(P40-O40-2)),('DPI art.191'!$G$5-(('DPI art.191'!$G$5-'DPI art.191'!$H$5)/8)*(P40-O40-2)))) | BB40: =R40-BA40 | BC40: =IF(N40<135,N40,N40-'DPI art.191'!$I$5) | BD40: =IF(O40<80,"0",IF((P40-O40)<=2,('DPI art.191'!$G$7-(('DPI art.191'!$F$7-'DPI art.191'!$G$7)/4)*(O40-P40-2)),('DPI art.191'!$G$7-(('DPI art.191'!$G$7-'DPI art.191'!$H$7)/8)*(P40-O40-2)))) | BE40: =O40-BD40 | BF40: =IF(N40<135,N40,N40-'DPI art.191'!$I$7) | BG40: =10^(0.1*R40) | BH40: =10^(0.1*X40) | BI40: =10^(0.1*AB40) | BJ40: =10^(0.1*AF40) | BK40: =10^(0.1*AJ40) | BL40: =10^(0.1*AN40) | BM40: =IF(R40>0,(O40-R40),"") | BN40: =IF(X40>0,(O40-X40),"") | BO40: =IF(AB40>0,(O40-AB40),"") | BP40: =IF(AF40>0,(O40-AF40),"") | BQ40: =IF(AJ40>0,(O40-AJ40),"") | BR40: =IF(AN40>0,(O40-AN40),"") | BS40: =COUNT(BM40:BR40) | BT40: =IF(BS40=0,0,IF(BS40=1,0,1/(BS40*(BS40-1)))) | BU40: =IF(R40>0,(BM40^2),"") | BV40: =IF(X40>0,(BN40^2),"") | BW40: =IF(AB40>0,(BO40^2),"") | BX40: =IF(AF40>0,(BP40^2),"") | BY40: =IF(AJ40>0,(BQ40^2),"") | BZ40: =IF(AN40>0,(BR40^2),"")
A41: Verniciatura | B41: D16 | C41: Assistenza durante fase di puizia pezzi con aria compressa | D41: / | E41: / | F41: Assistenza durante fase di puizia pezzi con aria compressa | G41: 46003 | H41: Compito | I41: =IF((V41-R41)>3,"SI","") | J41: =IF((U41-R41)>3,"SI","") | M41: =IF(R41>0,(SQRT(BT41*(SUM(BU41:BZ41)))),"") | N41: =IF(T41>0,(MAX(T41,Z41,AD41,AH41,AL41,AP41))+SQRT(1.2^2+1^2),"") | O41: =IF(R41="",0,10*LOG10(SUM(BG41:BL41)/(COUNT(R41,X41,AB41,AF41,AJ41,AN41)))) | P41: =IF(AND(Y41="",AC41="",AG41="",AK41="",AO41=""),S41,AVERAGE(S41,Y41,AC41,AG41,AK41,AO41)+STDEV(S41,Y41,AC41,AG41,AK41,AO41)) | Q41: 300 | R41: 84.3 | S41: 84.5 | T41: 112.6 | U41: 84.2 | V41: 87.5 | W41: 300 | X41: 82.2 | Y41: 83.1 | Z41: 117.7 | AA41: 300 | AB41: 82.7 | AC41: 83.6 | AD41: 113.7 | AE41: 300 | AF41: 85.4 | AG41: 85.5 | AH41: 119.2 | AI41: 300 | AJ41: 85.9 | AK41: 86 | AL41: 112 | AM41: 300 | AN41: 79.1 | AO41: 82.4 | AP41: 113.2 | AQ41: =IF(AND((O41)<85,N41<137),"NO","SI") | AR41: =IF((480*(10^(7.95-(O41/10))))<480,480*(10^(7.95-(O41/10))),480) | AS41: =IF((480*(10^(8.45-(O41/10))))<480,480*(10^(8.45-(O41/10))),480) | AT41: =IF((480*(10^(8.65-(O41/10))))<480,480*(10^(8.65-(O41/10))),480) | AU41: =IF(O41<80,"0",IF((P41-O41)<=2,('DPI art.191'!$G$3-(('DPI art.191'!$F$3-'DPI art.191'!$G$3)/4)*(P41-O41-2)),('DPI art.191'!$G$3-(('DPI art.191'!$G$3-'DPI art.191'!$H$3)/8)*(P41-O41-2)))) | AV41: =O41-AU41 | AW41: =IF(N41<135,N41,N41-'DPI art.191'!$I$3) | AX41: =IF(I41<80,"0",IF((J41-I41)<=2,('DPI art.191'!$G$7-(('DPI art.191'!$F$7-'DPI art.191'!$G$7)/4)*(I41-J41-2)),('DPI art.191'!$G$7-(('DPI art.191'!$G$7-'DPI art.191'!$H$7)/8)*(J41-I41-2)))) | AY41: =I41-AX41 | AZ41: =IF(H41<135,H41,H41-'DPI art.191'!$I$7) | BA41: =IF(O41<80,"0",IF((P41-O41)<=2,('DPI art.191'!$G$5-(('DPI art.191'!$F$5-'DPI art.191'!$G$5)/4)*(P41-O41-2)),('DPI art.191'!$G$5-(('DPI art.191'!$G$5-'DPI art.191'!$H$5)/8)*(P41-O41-2)))) | BB41: =R41-BA41 | BC41: =IF(N41<135,N41,N41-'DPI art.191'!$I$5) | BD41: =IF(O41<80,"0",IF((P41-O41)<=2,('DPI art.191'!$G$7-(('DPI art.191'!$F$7-'DPI art.191'!$G$7)/4)*(O41-P41-2)),('DPI art.191'!$G$7-(('DPI art.191'!$G$7-'DPI art.191'!$H$7)/8)*(P41-O41-2)))) | BE41: =O41-BD41 | BF41: =IF(N41<135,N41,N41-'DPI art.191'!$I$7) | BG41: =10^(0.1*R41) | BH41: =10^(0.1*X41) | BI41: =10^(0.1*AB41) | BJ41: =10^(0.1*AF41) | BK41: =10^(0.1*AJ41) | BL41: =10^(0.1*AN41) | BM41: =IF(R41>0,(O41-R41),"") | BN41: =IF(X41>0,(O41-X41),"") | BO41: =IF(AB41>0,(O41-AB41),"") | BP41: =IF(AF41>0,(O41-AF41),"") | BQ41: =IF(AJ41>0,(O41-AJ41),"") | BR41: =IF(AN41>0,(O41-AN41),"") | BS41: =COUNT(BM41:BR41) | BT41: =IF(BS41=0,0,IF(BS41=1,0,1/(BS41*(BS41-1)))) | BU41: =IF(R41>0,(BM41^2),"") | BV41: =IF(X41>0,(BN41^2),"") | BW41: =IF(AB41>0,(BO41^2),"") | BX41: =IF(AF41>0,(BP41^2),"") | BY41: =IF(AJ41>0,(BQ41^2),"") | BZ41: =IF(AN41>0,(BR41^2),"")
A42: Verniciatura | B42: D17 | C42: Movimentazione pezzi in uscita dalla verniciatura | D42: / | E42: / | F42: Movimentazione pezzi in uscita dalla verniciatura | G42: 46003 | H42: Compito | I42: =IF((V42-R42)>3,"SI","") | J42: SI | M42: =IF(R42>0,(SQRT(BT42*(SUM(BU42:BZ42)))),"") | N42: =IF(T42>0,(MAX(T42,Z42,AD42,AH42,AL42,AP42))+SQRT(1.2^2+1^2),"") | O42: =IF(R42="",0,10*LOG10(SUM(BG42:BL42)/(COUNT(R42,X42,AB42,AF42,AJ42,AN42)))) | P42: =IF(AND(Y42="",AC42="",AG42="",AK42="",AO42=""),S42,AVERAGE(S42,Y42,AC42,AG42,AK42,AO42)+STDEV(S42,Y42,AC42,AG42,AK42,AO42)) | Q42: 300 | R42: 77.1 | S42: 77.8 | T42: 94.4 | U42: 77.1 | V42: 78.7 | W42: 300 | X42: 76.5 | Y42: 77.2 | Z42: 92.5 | AA42: 300 | AB42: 77.4 | AC42: 77.5 | AD42: 94.4 | AE42: 300 | AF42: 75.2 | AG42: 75.8 | AH42: 97.6 | AI42: 300 | AJ42: 73.4 | AK42: 71.4 | AL42: 87.6 | AM42: 300 | AN42: 75.6 | AO42: 73.8 | AP42: 96.1 | AQ42: =IF(AND((O42)<85,N42<137),"NO","SI") | AR42: =IF((480*(10^(7.95-(O42/10))))<480,480*(10^(7.95-(O42/10))),480) | AS42: =IF((480*(10^(8.45-(O42/10))))<480,480*(10^(8.45-(O42/10))),480) | AT42: =IF((480*(10^(8.65-(O42/10))))<480,480*(10^(8.65-(O42/10))),480) | AU42: =IF(O42<80,"0",IF((P42-O42)<=2,('DPI art.191'!$G$3-(('DPI art.191'!$F$3-'DPI art.191'!$G$3)/4)*(P42-O42-2)),('DPI art.191'!$G$3-(('DPI art.191'!$G$3-'DPI art.191'!$H$3)/8)*(P42-O42-2)))) | AV42: =O42-AU42 | AW42: =IF(N42<135,N42,N42-'DPI art.191'!$I$3) | AX42: =IF(I42<80,"0",IF((J42-I42)<=2,('DPI art.191'!$G$7-(('DPI art.191'!$F$7-'DPI art.191'!$G$7)/4)*(I42-J42-2)),('DPI art.191'!$G$7-(('DPI art.191'!$G$7-'DPI art.191'!$H$7)/8)*(J42-I42-2)))) | AY42: =I42-AX42 | AZ42: =IF(H42<135,H42,H42-'DPI art.191'!$I$7) | BA42: =IF(O42<80,"0",IF((P42-O42)<=2,('DPI art.191'!$G$5-(('DPI art.191'!$F$5-'DPI art.191'!$G$5)/4)*(P42-O42-2)),('DPI art.191'!$G$5-(('DPI art.191'!$G$5-'DPI art.191'!$H$5)/8)*(P42-O42-2)))) | BB42: =R42-BA42 | BC42: =IF(N42<135,N42,N42-'DPI art.191'!$I$5) | BD42: =IF(O42<80,"0",IF((P42-O42)<=2,('DPI art.191'!$G$7-(('DPI art.191'!$F$7-'DPI art.191'!$G$7)/4)*(O42-P42-2)),('DPI art.191'!$G$7-(('DPI art.191'!$G$7-'DPI art.191'!$H$7)/8)*(P42-O42-2)))) | BE42: =O42-BD42 | BF42: =IF(N42<135,N42,N42-'DPI art.191'!$I$7) | BG42: =10^(0.1*R42) | BH42: =10^(0.1*X42) | BI42: =10^(0.1*AB42) | BJ42: =10^(0.1*AF42) | BK42: =10^(0.1*AJ42) | BL42: =10^(0.1*AN42) | BM42: =IF(R42>0,(O42-R42),"") | BN42: =IF(X42>0,(O42-X42),"") | BO42: =IF(AB42>0,(O42-AB42),"") | BP42: =IF(AF42>0,(O42-AF42),"") | BQ42: =IF(AJ42>0,(O42-AJ42),"") | BR42: =IF(AN42>0,(O42-AN42),"") | BS42: =COUNT(BM42:BR42) | BT42: =IF(BS42=0,0,IF(BS42=1,0,1/(BS42*(BS42-1)))) | BU42: =IF(R42>0,(BM42^2),"") | BV42: =IF(X42>0,(BN42^2),"") | BW42: =IF(AB42>0,(BO42^2),"") | BX42: =IF(AF42>0,(BP42^2),"") | BY42: =IF(AJ42>0,(BQ42^2),"") | BZ42: =IF(AN42>0,(BR42^2),"")
A43: Gualdo 1 | B43: D18 | C43: Movimentazione in piazzale esterno | D43: / | E43: / | F43: Movimentazioni in piazzale esterno | G43: 46003 | H43: Compito | I43: =IF((V43-R43)>3,"SI","") | J43: SI | M43: =IF(R43>0,(SQRT(BT43*(SUM(BU43:BZ43)))),"") | N43: =IF(T43>0,(MAX(T43,Z43,AD43,AH43,AL43,AP43))+SQRT(1.2^2+1^2),"") | O43: =IF(R43="",0,10*LOG10(SUM(BG43:BL43)/(COUNT(R43,X43,AB43,AF43,AJ43,AN43)))) | P43: =IF(AND(Y43="",AC43="",AG43="",AK43="",AO43=""),S43,AVERAGE(S43,Y43,AC43,AG43,AK43,AO43)+STDEV(S43,Y43,AC43,AG43,AK43,AO43)) | Q43: 300 | R43: 81.1 | S43: 83.1 | T43: 98.7 | U43: 80.7 | V43: 83.1 | W43: 300 | X43: 83.5 | Y43: 85.7 | Z43: 100.3 | AA43: 300 | AB43: 78.9 | AC43: 80.3 | AD43: 97.7 | AE43: 300 | AF43: 78.5 | AG43: 79.5 | AH43: 94.2 | AI43: 300 | AJ43: 73.5 | AK43: 76 | AL43: 92 | AM43: 300 | AN43: 68.7 | AO43: 75.2 | AP43: 96.9 | AQ43: =IF(AND((O43)<85,N43<137),"NO","SI") | AR43: =IF((480*(10^(7.95-(O43/10))))<480,480*(10^(7.95-(O43/10))),480) | AS43: =IF((480*(10^(8.45-(O43/10))))<480,480*(10^(8.45-(O43/10))),480) | AT43: =IF((480*(10^(8.65-(O43/10))))<480,480*(10^(8.65-(O43/10))),480) | AU43: =IF(O43<80,"0",IF((P43-O43)<=2,('DPI art.191'!$G$3-(('DPI art.191'!$F$3-'DPI art.191'!$G$3)/4)*(P43-O43-2)),('DPI art.191'!$G$3-(('DPI art.191'!$G$3-'DPI art.191'!$H$3)/8)*(P43-O43-2)))) | AV43: =O43-AU43 | AW43: =IF(N43<135,N43,N43-'DPI art.191'!$I$3) | AX43: =IF(I43<80,"0",IF((J43-I43)<=2,('DPI art.191'!$G$7-(('DPI art.191'!$F$7-'DPI art.191'!$G$7)/4)*(I43-J43-2)),('DPI art.191'!$G$7-(('DPI art.191'!$G$7-'DPI art.191'!$H$7)/8)*(J43-I43-2)))) | AY43: =I43-AX43 | AZ43: =IF(H43<135,H43,H43-'DPI art.191'!$I$7) | BA43: =IF(O43<80,"0",IF((P43-O43)<=2,('DPI art.191'!$G$5-(('DPI art.191'!$F$5-'DPI art.191'!$G$5)/4)*(P43-O43-2)),('DPI art.191'!$G$5-(('DPI art.191'!$G$5-'DPI art.191'!$H$5)/8)*(P43-O43-2)))) | BB43: =R43-BA43 | BC43: =IF(N43<135,N43,N43-'DPI art.191'!$I$5) | BD43: =IF(O43<80,"0",IF((P43-O43)<=2,('DPI art.191'!$G$7-(('DPI art.191'!$F$7-'DPI art.191'!$G$7)/4)*(O43-P43-2)),('DPI art.191'!$G$7-(('DPI art.191'!$G$7-'DPI art.191'!$H$7)/8)*(P43-O43-2)))) | BE43: =O43-BD43 | BF43: =IF(N43<135,N43,N43-'DPI art.191'!$I$7) | BG43: =10^(0.1*R43) | BH43: =10^(0.1*X43) | BI43: =10^(0.1*AB43) | BJ43: =10^(0.1*AF43) | BK43: =10^(0.1*AJ43) | BL43: =10^(0.1*AN43) | BM43: =IF(R43>0,(O43-R43),"") | BN43: =IF(X43>0,(O43-X43),"") | BO43: =IF(AB43>0,(O43-AB43),"") | BP43: =IF(AF43>0,(O43-AF43),"") | BQ43: =IF(AJ43>0,(O43-AJ43),"") | BR43: =IF(AN43>0,(O43-AN43),"") | BS43: =COUNT(BM43:BR43) | BT43: =IF(BS43=0,0,IF(BS43=1,0,1/(BS43*(BS43-1)))) | BU43: =IF(R43>0,(BM43^2),"") | BV43: =IF(X43>0,(BN43^2),"") | BW43: =IF(AB43>0,(BO43^2),"") | BX43: =IF(AF43>0,(BP43^2),"") | BY43: =IF(AJ43>0,(BQ43^2),"") | BZ43: =IF(AN43>0,(BR43^2),"")
A44: 037/ED15 | B44: D19 | C44: Gru a torre | D44: TEREX-COMEDIL | E44: CTT 141/A | F44: Movimentazioni in piazzale esterno con gru a torre | G44: 46003 | H44: Compito | I44: =IF((V44-R44)>3,"SI","") | J44: =IF((U44-R44)>3,"SI","") | M44: =IF(R44>0,(SQRT(BT44*(SUM(BU44:BZ44)))),"") | N44: =IF(T44>0,(MAX(T44,Z44,AD44,AH44,AL44,AP44))+SQRT(1.2^2+1^2),"") | O44: =IF(R44="",0,10*LOG10(SUM(BG44:BL44)/(COUNT(R44,X44,AB44,AF44,AJ44,AN44)))) | P44: =IF(AND(Y44="",AC44="",AG44="",AK44="",AO44=""),S44,AVERAGE(S44,Y44,AC44,AG44,AK44,AO44)+STDEV(S44,Y44,AC44,AG44,AK44,AO44)) | Q44: 300 | R44: 66.9 | S44: 75 | T44: 99.6 | U44: 66.9 | V44: 72.5 | W44: 300 | X44: 69.5 | Y44: 77.1 | Z44: 101.5 | AA44: 300 | AB44: 62.3 | AC44: 74.4 | AD44: 100.6 | AE44: 300 | AF44: 63 | AG44: 75.7 | AH44: 103.6 | AI44: 300 | AJ44: 58.9 | AK44: 72.8 | AL44: 102.1 | AM44: 300 | AN44: 58.9 | AO44: 72.6 | AP44: 89.8 | AQ44: =IF(AND((O44)<85,N44<137),"NO","SI") | AR44: =IF((480*(10^(7.95-(O44/10))))<480,480*(10^(7.95-(O44/10))),480) | AS44: =IF((480*(10^(8.45-(O44/10))))<480,480*(10^(8.45-(O44/10))),480) | AT44: =IF((480*(10^(8.65-(O44/10))))<480,480*(10^(8.65-(O44/10))),480) | AU44: =IF(O44<80,"0",IF((P44-O44)<=2,('DPI art.191'!$G$3-(('DPI art.191'!$F$3-'DPI art.191'!$G$3)/4)*(P44-O44-2)),('DPI art.191'!$G$3-(('DPI art.191'!$G$3-'DPI art.191'!$H$3)/8)*(P44-O44-2)))) | AV44: =O44-AU44 | AW44: =IF(N44<135,N44,N44-'DPI art.191'!$I$3) | AX44: =IF(I44<80,"0",IF((J44-I44)<=2,('DPI art.191'!$G$7-(('DPI art.191'!$F$7-'DPI art.191'!$G$7)/4)*(I44-J44-2)),('DPI art.191'!$G$7-(('DPI art.191'!$G$7-'DPI art.191'!$H$7)/8)*(J44-I44-2)))) | AY44: =I44-AX44 | AZ44: =IF(H44<135,H44,H44-'DPI art.191'!$I$7) | BA44: =IF(O44<80,"0",IF((P44-O44)<=2,('DPI art.191'!$G$5-(('DPI art.191'!$F$5-'DPI art.191'!$G$5)/4)*(P44-O44-2)),('DPI art.191'!$G$5-(('DPI art.191'!$G$5-'DPI art.191'!$H$5)/8)*(P44-O44-2)))) | BB44: =R44-BA44 | BC44: =IF(N44<135,N44,N44-'DPI art.191'!$I$5) | BD44: =IF(O44<80,"0",IF((P44-O44)<=2,('DPI art.191'!$G$7-(('DPI art.191'!$F$7-'DPI art.191'!$G$7)/4)*(O44-P44-2)),('DPI art.191'!$G$7-(('DPI art.191'!$G$7-'DPI art.191'!$H$7)/8)*(P44-O44-2)))) | BE44: =O44-BD44 | BF44: =IF(N44<135,N44,N44-'DPI art.191'!$I$7) | BG44: =10^(0.1*R44) | BH44: =10^(0.1*X44) | BI44: =10^(0.1*AB44) | BJ44: =10^(0.1*AF44) | BK44: =10^(0.1*AJ44) | BL44: =10^(0.1*AN44) | BM44: =IF(R44>0,(O44-R44),"") | BN44: =IF(X44>0,(O44-X44),"") | BO44: =IF(AB44>0,(O44-AB44),"") | BP44: =IF(AF44>0,(O44-AF44),"") | BQ44: =IF(AJ44>0,(O44-AJ44),"") | BR44: =IF(AN44>0,(O44-AN44),"") | BS44: =COUNT(BM44:BR44) | BT44: =IF(BS44=0,0,IF(BS44=1,0,1/(BS44*(BS44-1)))) | BU44: =IF(R44>0,(BM44^2),"") | BV44: =IF(X44>0,(BN44^2),"") | BW44: =IF(AB44>0,(BO44^2),"") | BX44: =IF(AF44>0,(BP44^2),"") | BY44: =IF(AJ44>0,(BQ44^2),"") | BZ44: =IF(AN44>0,(BR44^2),"")
A45: 024/B/PRS726 | B45: E1 | C45: Saldatrice a filo | D45: ESAB | E45: LAW520W - MEK4S | F45: Saldatura - montaggio | G45: 45996 | H45: Compito | I45: =IF((V45-R45)>3,"SI","") | J45: =IF((U45-R45)>3,"SI","") | M45: =IF(R45>0,(SQRT(BT45*(SUM(BU45:BZ45)))),"") | N45: =IF(T45>0,(MAX(T45,Z45,AD45,AH45,AL45,AP45))+SQRT(1.2^2+1^2),"") | O45: =IF(R45="",0,10*LOG10(SUM(BG45:BL45)/(COUNT(R45,X45,AB45,AF45,AJ45,AN45)))) | P45: =IF(AND(Y45="",AC45="",AG45="",AK45="",AO45=""),S45,AVERAGE(S45,Y45,AC45,AG45,AK45,AO45)+STDEV(S45,Y45,AC45,AG45,AK45,AO45)) | Q45: 300 | R45: 86 | S45: 84.9 | T45: 116.8 | U45: 86 | V45: 89.2 | W45: 300 | X45: 79.9 | Y45: 80.2 | Z45: 109.9 | AA45: 300 | AB45: 77.6 | AC45: 79.3 | AD45: 101.9 | AE45: 300 | AF45: 74.4 | AG45: 75.5 | AH45: 101.7 | AI45: 300 | AJ45: 73.1 | AK45: 75.4 | AL45: 103.8 | AM45: 300 | AN45: 75.7 | AO45: 77.6 | AP45: 114.9 | AQ45: =IF(AND((O45)<85,N45<137),"NO","SI") | AR45: =IF((480*(10^(7.95-(O45/10))))<480,480*(10^(7.95-(O45/10))),480) | AS45: =IF((480*(10^(8.45-(O45/10))))<480,480*(10^(8.45-(O45/10))),480) | AT45: =IF((480*(10^(8.65-(O45/10))))<480,480*(10^(8.65-(O45/10))),480) | AU45: =IF(O45<80,"0",IF((P45-O45)<=2,('DPI art.191'!$G$3-(('DPI art.191'!$F$3-'DPI art.191'!$G$3)/4)*(P45-O45-2)),('DPI art.191'!$G$3-(('DPI art.191'!$G$3-'DPI art.191'!$H$3)/8)*(P45-O45-2)))) | AV45: =O45-AU45 | AW45: =IF(N45<135,N45,N45-'DPI art.191'!$I$3) | AX45: =IF(I45<80,"0",IF((J45-I45)<=2,('DPI art.191'!$G$7-(('DPI art.191'!$F$7-'DPI art.191'!$G$7)/4)*(I45-J45-2)),('DPI art.191'!$G$7-(('DPI art.191'!$G$7-'DPI art.191'!$H$7)/8)*(J45-I45-2)))) | AY45: =I45-AX45 | AZ45: =IF(H45<135,H45,H45-'DPI art.191'!$I$7) | BA45: =IF(O45<80,"0",IF((P45-O45)<=2,('DPI art.191'!$G$5-(('DPI art.191'!$F$5-'DPI art.191'!$G$5)/4)*(P45-O45-2)),('DPI art.191'!$G$5-(('DPI art.191'!$G$5-'DPI art.191'!$H$5)/8)*(P45-O45-2)))) | BB45: =R45-BA45 | BC45: =IF(N45<135,N45,N45-'DPI art.191'!$I$5) | BD45: =IF(O45<80,"0",IF((P45-O45)<=2,('DPI art.191'!$G$7-(('DPI art.191'!$F$7-'DPI art.191'!$G$7)/4)*(O45-P45-2)),('DPI art.191'!$G$7-(('DPI art.191'!$G$7-'DPI art.191'!$H$7)/8)*(P45-O45-2)))) | BE45: =O45-BD45 | BF45: =IF(N45<135,N45,N45-'DPI art.191'!$I$7) | BG45: =10^(0.1*R45) | BH45: =10^(0.1*X45) | BI45: =10^(0.1*AB45) | BJ45: =10^(0.1*AF45) | BK45: =10^(0.1*AJ45) | BL45: =10^(0.1*AN45) | BM45: =IF(R45>0,(O45-R45),"") | BN45: =IF(X45>0,(O45-X45),"") | BO45: =IF(AB45>0,(O45-AB45),"") | BP45: =IF(AF45>0,(O45-AF45),"") | BQ45: =IF(AJ45>0,(O45-AJ45),"") | BR45: =IF(AN45>0,(O45-AN45),"") | BS45: =COUNT(BM45:BR45) | BT45: =IF(BS45=0,0,IF(BS45=1,0,1/(BS45*(BS45-1)))) | BU45: =IF(R45>0,(BM45^2),"") | BV45: =IF(X45>0,(BN45^2),"") | BW45: =IF(AB45>0,(BO45^2),"") | BX45: =IF(AF45>0,(BP45^2),"") | BY45: =IF(AJ45>0,(BQ45^2),"") | BZ45: =IF(AN45>0,(BR45^2),"")
A46: Gualdo 1 | B46: E2 | C46: Magazzino interno | D46: / | E46: / | F46: Attività di magazzino | G46: 45996 | H46: Compito | I46: =IF((V46-R46)>3,"SI","") | J46: =IF((U46-R46)>3,"SI","") | M46: =IF(R46>0,(SQRT(BT46*(SUM(BU46:BZ46)))),"") | N46: =IF(T46>0,(MAX(T46,Z46,AD46,AH46,AL46,AP46))+SQRT(1.2^2+1^2),"") | O46: =IF(R46="",0,10*LOG10(SUM(BG46:BL46)/(COUNT(R46,X46,AB46,AF46,AJ46,AN46)))) | P46: =IF(AND(Y46="",AC46="",AG46="",AK46="",AO46=""),S46,AVERAGE(S46,Y46,AC46,AG46,AK46,AO46)+STDEV(S46,Y46,AC46,AG46,AK46,AO46)) | Q46: 300 | R46: 63 | S46: 69.1 | T46: 105.1 | U46: 63 | V46: 72.9 | W46: 300 | X46: 68 | Y46: 70.9 | Z46: 104.4 | AA46: 300 | AB46: 64.1 | AC46: 68.1 | AD46: 101.2 | AE46: 300 | AF46: 62.9 | AG46: 67.4 | AH46: 102.6 | AI46: 300 | AJ46: 62 | AK46: 67.1 | AL46: 104.4 | AM46: 300 | AN46: 64.1 | AO46: 69.4 | AP46: 103.1 | AQ46: =IF(AND((O46)<85,N46<137),"NO","SI") | AR46: =IF((480*(10^(7.95-(O46/10))))<480,480*(10^(7.95-(O46/10))),480) | AS46: =IF((480*(10^(8.45-(O46/10))))<480,480*(10^(8.45-(O46/10))),480) | AT46: =IF((480*(10^(8.65-(O46/10))))<480,480*(10^(8.65-(O46/10))),480) | AU46: =IF(O46<80,"0",IF((P46-O46)<=2,('DPI art.191'!$G$3-(('DPI art.191'!$F$3-'DPI art.191'!$G$3)/4)*(P46-O46-2)),('DPI art.191'!$G$3-(('DPI art.191'!$G$3-'DPI art.191'!$H$3)/8)*(P46-O46-2)))) | AV46: =O46-AU46 | AW46: =IF(N46<135,N46,N46-'DPI art.191'!$I$3) | AX46: =IF(I46<80,"0",IF((J46-I46)<=2,('DPI art.191'!$G$7-(('DPI art.191'!$F$7-'DPI art.191'!$G$7)/4)*(I46-J46-2)),('DPI art.191'!$G$7-(('DPI art.191'!$G$7-'DPI art.191'!$H$7)/8)*(J46-I46-2)))) | AY46: =I46-AX46 | AZ46: =IF(H46<135,H46,H46-'DPI art.191'!$I$7) | BA46: =IF(O46<80,"0",IF((P46-O46)<=2,('DPI art.191'!$G$5-(('DPI art.191'!$F$5-'DPI art.191'!$G$5)/4)*(P46-O46-2)),('DPI art.191'!$G$5-(('DPI art.191'!$G$5-'DPI art.191'!$H$5)/8)*(P46-O46-2)))) | BB46: =R46-BA46 | BC46: =IF(N46<135,N46,N46-'DPI art.191'!$I$5) | BD46: =IF(O46<80,"0",IF((P46-O46)<=2,('DPI art.191'!$G$7-(('DPI art.191'!$F$7-'DPI art.191'!$G$7)/4)*(O46-P46-2)),('DPI art.191'!$G$7-(('DPI art.191'!$G$7-'DPI art.191'!$H$7)/8)*(P46-O46-2)))) | BE46: =O46-BD46 | BF46: =IF(N46<135,N46,N46-'DPI art.191'!$I$7) | BG46: =10^(0.1*R46) | BH46: =10^(0.1*X46) | BI46: =10^(0.1*AB46) | BJ46: =10^(0.1*AF46) | BK46: =10^(0.1*AJ46) | BL46: =10^(0.1*AN46) | BM46: =IF(R46>0,(O46-R46),"") | BN46: =IF(X46>0,(O46-X46),"") | BO46: =IF(AB46>0,(O46-AB46),"") | BP46: =IF(AF46>0,(O46-AF46),"") | BQ46: =IF(AJ46>0,(O46-AJ46),"") | BR46: =IF(AN46>0,(O46-AN46),"") | BS46: =COUNT(BM46:BR46) | BT46: =IF(BS46=0,0,IF(BS46=1,0,1/(BS46*(BS46-1)))) | BU46: =IF(R46>0,(BM46^2),"") | BV46: =IF(X46>0,(BN46^2),"") | BW46: =IF(AB46>0,(BO46^2),"") | BX46: =IF(AF46>0,(BP46^2),"") | BY46: =IF(AJ46>0,(BQ46^2),"") | BZ46: =IF(AN46>0,(BR46^2),"")
A47: 273/16 | B47: E3 | C47: Sega a nastro | D47: BIANCO | E47: 280 SA 60° - Ø 220 mm | F47: Taglio con sega a nastro | G47: 45996 | H47: Compito | I47: =IF((V47-R47)>3,"SI","") | J47: =IF((U47-R47)>3,"SI","") | M47: =IF(R47>0,(SQRT(BT47*(SUM(BU47:BZ47)))),"") | N47: =IF(T47>0,(MAX(T47,Z47,AD47,AH47,AL47,AP47))+SQRT(1.2^2+1^2),"") | O47: =IF(R47="",0,10*LOG10(SUM(BG47:BL47)/(COUNT(R47,X47,AB47,AF47,AJ47,AN47)))) | P47: =IF(AND(Y47="",AC47="",AG47="",AK47="",AO47=""),S47,AVERAGE(S47,Y47,AC47,AG47,AK47,AO47)+STDEV(S47,Y47,AC47,AG47,AK47,AO47)) | Q47: 300 | R47: 78.5 | S47: 80.1 | T47: 106.8 | U47: 78.4 | V47: 83.8 | W47: 300 | X47: 77.9 | Y47: 80 | Z47: 96.2 | AA47: 300 | AB47: 77.5 | AC47: 79.5 | AD47: 104.5 | AE47: 300 | AF47: 77.9 | AG47: 80 | AH47: 97.2 | AI47: 300 | AJ47: 79 | AK47: 80.5 | AL47: 109.6 | AM47: 300 | AN47: 78.7 | AO47: 81.8 | AP47: 102.2 | AQ47: =IF(AND((O47)<85,N47<137),"NO","SI") | AR47: =IF((480*(10^(7.95-(O47/10))))<480,480*(10^(7.95-(O47/10))),480) | AS47: =IF((480*(10^(8.45-(O47/10))))<480,480*(10^(8.45-(O47/10))),480) | AT47: =IF((480*(10^(8.65-(O47/10))))<480,480*(10^(8.65-(O47/10))),480) | AU47: =IF(O47<80,"0",IF((P47-O47)<=2,('DPI art.191'!$G$3-(('DPI art.191'!$F$3-'DPI art.191'!$G$3)/4)*(P47-O47-2)),('DPI art.191'!$G$3-(('DPI art.191'!$G$3-'DPI art.191'!$H$3)/8)*(P47-O47-2)))) | AV47: =O47-AU47 | AW47: =IF(N47<135,N47,N47-'DPI art.191'!$I$3) | AX47: =IF(I47<80,"0",IF((J47-I47)<=2,('DPI art.191'!$G$7-(('DPI art.191'!$F$7-'DPI art.191'!$G$7)/4)*(I47-J47-2)),('DPI art.191'!$G$7-(('DPI art.191'!$G$7-'DPI art.191'!$H$7)/8)*(J47-I47-2)))) | AY47: =I47-AX47 | AZ47: =IF(H47<135,H47,H47-'DPI art.191'!$I$7) | BA47: =IF(O47<80,"0",IF((P47-O47)<=2,('DPI art.191'!$G$5-(('DPI art.191'!$F$5-'DPI art.191'!$G$5)/4)*(P47-O47-2)),('DPI art.191'!$G$5-(('DPI art.191'!$G$5-'DPI art.191'!$H$5)/8)*(P47-O47-2)))) | BB47: =R47-BA47 | BC47: =IF(N47<135,N47,N47-'DPI art.191'!$I$5) | BD47: =IF(O47<80,"0",IF((P47-O47)<=2,('DPI art.191'!$G$7-(('DPI art.191'!$F$7-'DPI art.191'!$G$7)/4)*(O47-P47-2)),('DPI art.191'!$G$7-(('DPI art.191'!$G$7-'DPI art.191'!$H$7)/8)*(P47-O47-2)))) | BE47: =O47-BD47 | BF47: =IF(N47<135,N47,N47-'DPI art.191'!$I$7) | BG47: =10^(0.1*R47) | BH47: =10^(0.1*X47) | BI47: =10^(0.1*AB47) | BJ47: =10^(0.1*AF47) | BK47: =10^(0.1*AJ47) | BL47: =10^(0.1*AN47) | BM47: =IF(R47>0,(O47-R47),"") | BN47: =IF(X47>0,(O47-X47),"") | BO47: =IF(AB47>0,(O47-AB47),"") | BP47: =IF(AF47>0,(O47-AF47),"") | BQ47: =IF(AJ47>0,(O47-AJ47),"") | BR47: =IF(AN47>0,(O47-AN47),"") | BS47: =COUNT(BM47:BR47) | BT47: =IF(BS47=0,0,IF(BS47=1,0,1/(BS47*(BS47-1)))) | BU47: =IF(R47>0,(BM47^2),"") | BV47: =IF(X47>0,(BN47^2),"") | BW47: =IF(AB47>0,(BO47^2),"") | BX47: =IF(AF47>0,(BP47^2),"") | BY47: =IF(AJ47>0,(BQ47^2),"") | BZ47: =IF(AN47>0,(BR47^2),"")
A48: 260/03 | B48: E4 | C48: Pantografo CN | D48: ESAB | E48: SXE-P3 5500 - 5500 x 14000mm | F48: Pantografo | G48: 45996 | H48: Compito | I48: =IF((V48-R48)>3,"SI","") | J48: SI | M48: =IF(R48>0,(SQRT(BT48*(SUM(BU48:BZ48)))),"") | N48: =IF(T48>0,(MAX(T48,Z48,AD48,AH48,AL48,AP48))+SQRT(1.2^2+1^2),"") | O48: =IF(R48="",0,10*LOG10(SUM(BG48:BL48)/(COUNT(R48,X48,AB48,AF48,AJ48,AN48)))) | P48: =IF(AND(Y48="",AC48="",AG48="",AK48="",AO48=""),S48,AVERAGE(S48,Y48,AC48,AG48,AK48,AO48)+STDEV(S48,Y48,AC48,AG48,AK48,AO48)) | Q48: 300 | R48: 86.1 | S48: 85.8 | T48: 108.9 | U48: 86.1 | V48: 88.5 | W48: 300 | X48: 90.2 | Y48: 89.2 | Z48: 111.1 | AA48: 300 | AB48: 85.2 | AC48: 85.2 | AD48: 105.9 | AE48: 300 | AF48: 85.7 | AG48: 86.2 | AH48: 107.5 | AI48: 300 | AJ48: 89.2 | AK48: 89 | AL48: 109.1 | AM48: 300 | AN48: 89.4 | AO48: 89.2 | AP48: 112 | AQ48: =IF(AND((O48)<85,N48<137),"NO","SI") | AR48: =IF((480*(10^(7.95-(O48/10))))<480,480*(10^(7.95-(O48/10))),480) | AS48: =IF((480*(10^(8.45-(O48/10))))<480,480*(10^(8.45-(O48/10))),480) | AT48: =IF((480*(10^(8.65-(O48/10))))<480,480*(10^(8.65-(O48/10))),480) | AU48: =IF(O48<80,"0",IF((P48-O48)<=2,('DPI art.191'!$G$3-(('DPI art.191'!$F$3-'DPI art.191'!$G$3)/4)*(P48-O48-2)),('DPI art.191'!$G$3-(('DPI art.191'!$G$3-'DPI art.191'!$H$3)/8)*(P48-O48-2)))) | AV48: =O48-AU48 | AW48: =IF(N48<135,N48,N48-'DPI art.191'!$I$3) | AX48: =IF(I48<80,"0",IF((J48-I48)<=2,('DPI art.191'!$G$7-(('DPI art.191'!$F$7-'DPI art.191'!$G$7)/4)*(I48-J48-2)),('DPI art.191'!$G$7-(('DPI art.191'!$G$7-'DPI art.191'!$H$7)/8)*(J48-I48-2)))) | AY48: =I48-AX48 | AZ48: =IF(H48<135,H48,H48-'DPI art.191'!$I$7) | BA48: =IF(O48<80,"0",IF((P48-O48)<=2,('DPI art.191'!$G$5-(('DPI art.191'!$F$5-'DPI art.191'!$G$5)/4)*(P48-O48-2)),('DPI art.191'!$G$5-(('DPI art.191'!$G$5-'DPI art.191'!$H$5)/8)*(P48-O48-2)))) | BB48: =R48-BA48 | BC48: =IF(N48<135,N48,N48-'DPI art.191'!$I$5) | BD48: =IF(O48<80,"0",IF((P48-O48)<=2,('DPI art.191'!$G$7-(('DPI art.191'!$F$7-'DPI art.191'!$G$7)/4)*(O48-P48-2)),('DPI art.191'!$G$7-(('DPI art.191'!$G$7-'DPI art.191'!$H$7)/8)*(P48-O48-2)))) | BE48: =O48-BD48 | BF48: =IF(N48<135,N48,N48-'DPI art.191'!$I$7) | BG48: =10^(0.1*R48) | BH48: =10^(0.1*X48) | BI48: =10^(0.1*AB48) | BJ48: =10^(0.1*AF48) | BK48: =10^(0.1*AJ48) | BL48: =10^(0.1*AN48) | BM48: =IF(R48>0,(O48-R48),"") | BN48: =IF(X48>0,(O48-X48),"") | BO48: =IF(AB48>0,(O48-AB48),"") | BP48: =IF(AF48>0,(O48-AF48),"") | BQ48: =IF(AJ48>0,(O48-AJ48),"") | BR48: =IF(AN48>0,(O48-AN48),"") | BS48: =COUNT(BM48:BR48) | BT48: =IF(BS48=0,0,IF(BS48=1,0,1/(BS48*(BS48-1)))) | BU48: =IF(R48>0,(BM48^2),"") | BV48: =IF(X48>0,(BN48^2),"") | BW48: =IF(AB48>0,(BO48^2),"") | BX48: =IF(AF48>0,(BP48^2),"") | BY48: =IF(AJ48>0,(BQ48^2),"") | BZ48: =IF(AN48>0,(BR48^2),"")
A49: 022/A/AC6 | B49: E5 | C49: Saldatrice auto a colonna | D49: SIMAC | E49: MMPH 5X4 | F49: Saldatrice auto a colonna | G49: 45996 | H49: Compito | I49: =IF((V49-R49)>3,"SI","") | J49: SI | M49: =IF(R49>0,(SQRT(BT49*(SUM(BU49:BZ49)))),"") | N49: =IF(T49>0,(MAX(T49,Z49,AD49,AH49,AL49,AP49))+SQRT(1.2^2+1^2),"") | O49: =IF(R49="",0,10*LOG10(SUM(BG49:BL49)/(COUNT(R49,X49,AB49,AF49,AJ49,AN49)))) | P49: =IF(AND(Y49="",AC49="",AG49="",AK49="",AO49=""),S49,AVERAGE(S49,Y49,AC49,AG49,AK49,AO49)+STDEV(S49,Y49,AC49,AG49,AK49,AO49)) | Q49: 300 | R49: 83.2 | S49: 83.5 | T49: 108.9 | U49: 83.2 | V49: 84.9 | W49: 300 | X49: 82.9 | Y49: 82.8 | Z49: 109.5 | AA49: 300 | AB49: 80.5 | AC49: 80.8 | AD49: 109.3 | AE49: 300 | AF49: 80.7 | AG49: 81.7 | AH49: 105.4 | AI49: 300 | AJ49: 84.6 | AK49: 85 | AL49: 117.1 | AM49: 300 | AN49: 78.3 | AO49: 79.6 | AP49: 103 | AQ49: =IF(AND((O49)<85,N49<137),"NO","SI") | AR49: =IF((480*(10^(7.95-(O49/10))))<480,480*(10^(7.95-(O49/10))),480) | AS49: =IF((480*(10^(8.45-(O49/10))))<480,480*(10^(8.45-(O49/10))),480) | AT49: =IF((480*(10^(8.65-(O49/10))))<480,480*(10^(8.65-(O49/10))),480) | AU49: =IF(O49<80,"0",IF((P49-O49)<=2,('DPI art.191'!$G$3-(('DPI art.191'!$F$3-'DPI art.191'!$G$3)/4)*(P49-O49-2)),('DPI art.191'!$G$3-(('DPI art.191'!$G$3-'DPI art.191'!$H$3)/8)*(P49-O49-2)))) | AV49: =O49-AU49 | AW49: =IF(N49<135,N49,N49-'DPI art.191'!$I$3) | AX49: =IF(I49<80,"0",IF((J49-I49)<=2,('DPI art.191'!$G$7-(('DPI art.191'!$F$7-'DPI art.191'!$G$7)/4)*(I49-J49-2)),('DPI art.191'!$G$7-(('DPI art.191'!$G$7-'DPI art.191'!$H$7)/8)*(J49-I49-2)))) | AY49: =I49-AX49 | AZ49: =IF(H49<135,H49,H49-'DPI art.191'!$I$7) | BA49: =IF(O49<80,"0",IF((P49-O49)<=2,('DPI art.191'!$G$5-(('DPI art.191'!$F$5-'DPI art.191'!$G$5)/4)*(P49-O49-2)),('DPI art.191'!$G$5-(('DPI art.191'!$G$5-'DPI art.191'!$H$5)/8)*(P49-O49-2)))) | BB49: =R49-BA49 | BC49: =IF(N49<135,N49,N49-'DPI art.191'!$I$5) | BD49: =IF(O49<80,"0",IF((P49-O49)<=2,('DPI art.191'!$G$7-(('DPI art.191'!$F$7-'DPI art.191'!$G$7)/4)*(O49-P49-2)),('DPI art.191'!$G$7-(('DPI art.191'!$G$7-'DPI art.191'!$H$7)/8)*(P49-O49-2)))) | BE49: =O49-BD49 | BF49: =IF(N49<135,N49,N49-'DPI art.191'!$I$7) | BG49: =10^(0.1*R49) | BH49: =10^(0.1*X49) | BI49: =10^(0.1*AB49) | BJ49: =10^(0.1*AF49) | BK49: =10^(0.1*AJ49) | BL49: =10^(0.1*AN49) | BM49: =IF(R49>0,(O49-R49),"") | BN49: =IF(X49>0,(O49-X49),"") | BO49: =IF(AB49>0,(O49-AB49),"") | BP49: =IF(AF49>0,(O49-AF49),"") | BQ49: =IF(AJ49>0,(O49-AJ49),"") | BR49: =IF(AN49>0,(O49-AN49),"") | BS49: =COUNT(BM49:BR49) | BT49: =IF(BS49=0,0,IF(BS49=1,0,1/(BS49*(BS49-1)))) | BU49: =IF(R49>0,(BM49^2),"") | BV49: =IF(X49>0,(BN49^2),"") | BW49: =IF(AB49>0,(BO49^2),"") | BX49: =IF(AF49>0,(BP49^2),"") | BY49: =IF(AJ49>0,(BQ49^2),"") | BZ49: =IF(AN49>0,(BR49^2),"")
A50: Gualdo 1 | B50: E6 | C50: Zona montaggio saldatore e controllo qualità | D50: / | E50: / | F50: Montaggio e controllo qualità | G50: 45996 | H50: Compito | I50: =IF((V50-R50)>3,"SI","") | J50: SI | M50: =IF(R50>0,(SQRT(BT50*(SUM(BU50:BZ50)))),"") | N50: =IF(T50>0,(MAX(T50,Z50,AD50,AH50,AL50,AP50))+SQRT(1.2^2+1^2),"") | O50: =IF(R50="",0,10*LOG10(SUM(BG50:BL50)/(COUNT(R50,X50,AB50,AF50,AJ50,AN50)))) | P50: =IF(AND(Y50="",AC50="",AG50="",AK50="",AO50=""),S50,AVERAGE(S50,Y50,AC50,AG50,AK50,AO50)+STDEV(S50,Y50,AC50,AG50,AK50,AO50)) | Q50: 300 | R50: 88.8 | S50: 87.9 | T50: 106.9 | U50: 88.8 | V50: 90.4 | W50: 300 | X50: 91.1 | Y50: 89.9 | Z50: 110.3 | AA50: 300 | AB50: 87.2 | AC50: 86.6 | AD50: 106.4 | AE50: 300 | AF50: 89.5 | AG50: 88.5 | AH50: 106.3 | AI50: 300 | AJ50: 88.9 | AK50: 88 | AL50: 106.8 | AM50: 300 | AN50: 86.6 | AO50: 85.9 | AP50: 105.5 | AQ50: =IF(AND((O50)<85,N50<137),"NO","SI") | AR50: =IF((480*(10^(7.95-(O50/10))))<480,480*(10^(7.95-(O50/10))),480) | AS50: =IF((480*(10^(8.45-(O50/10))))<480,480*(10^(8.45-(O50/10))),480) | AT50: =IF((480*(10^(8.65-(O50/10))))<480,480*(10^(8.65-(O50/10))),480) | AU50: =IF(O50<80,"0",IF((P50-O50)<=2,('DPI art.191'!$G$3-(('DPI art.191'!$F$3-'DPI art.191'!$G$3)/4)*(P50-O50-2)),('DPI art.191'!$G$3-(('DPI art.191'!$G$3-'DPI art.191'!$H$3)/8)*(P50-O50-2)))) | AV50: =O50-AU50 | AW50: =IF(N50<135,N50,N50-'DPI art.191'!$I$3) | AX50: =IF(I50<80,"0",IF((J50-I50)<=2,('DPI art.191'!$G$7-(('DPI art.191'!$F$7-'DPI art.191'!$G$7)/4)*(I50-J50-2)),('DPI art.191'!$G$7-(('DPI art.191'!$G$7-'DPI art.191'!$H$7)/8)*(J50-I50-2)))) | AY50: =I50-AX50 | AZ50: =IF(H50<135,H50,H50-'DPI art.191'!$I$7) | BA50: =IF(O50<80,"0",IF((P50-O50)<=2,('DPI art.191'!$G$5-(('DPI art.191'!$F$5-'DPI art.191'!$G$5)/4)*(P50-O50-2)),('DPI art.191'!$G$5-(('DPI art.191'!$G$5-'DPI art.191'!$H$5)/8)*(P50-O50-2)))) | BB50: =R50-BA50 | BC50: =IF(N50<135,N50,N50-'DPI art.191'!$I$5) | BD50: =IF(O50<80,"0",IF((P50-O50)<=2,('DPI art.191'!$G$7-(('DPI art.191'!$F$7-'DPI art.191'!$G$7)/4)*(O50-P50-2)),('DPI art.191'!$G$7-(('DPI art.191'!$G$7-'DPI art.191'!$H$7)/8)*(P50-O50-2)))) | BE50: =O50-BD50 | BF50: =IF(N50<135,N50,N50-'DPI art.191'!$I$7) | BG50: =10^(0.1*R50) | BH50: =10^(0.1*X50) | BI50: =10^(0.1*AB50) | BJ50: =10^(0.1*AF50) | BK50: =10^(0.1*AJ50) | BL50: =10^(0.1*AN50) | BM50: =IF(R50>0,(O50-R50),"") | BN50: =IF(X50>0,(O50-X50),"") | BO50: =IF(AB50>0,(O50-AB50),"") | BP50: =IF(AF50>0,(O50-AF50),"") | BQ50: =IF(AJ50>0,(O50-AJ50),"") | BR50: =IF(AN50>0,(O50-AN50),"") | BS50: =COUNT(BM50:BR50) | BT50: =IF(BS50=0,0,IF(BS50=1,0,1/(BS50*(BS50-1)))) | BU50: =IF(R50>0,(BM50^2),"") | BV50: =IF(X50>0,(BN50^2),"") | BW50: =IF(AB50>0,(BO50^2),"") | BX50: =IF(AF50>0,(BP50^2),"") | BY50: =IF(AJ50>0,(BQ50^2),"") | BZ50: =IF(AN50>0,(BR50^2),"")
A51: 252/04 | B51: E7 | C51: Calandra | D51: FACCIN | E51: 4HEL/S 3145 | F51: Calandratura | G51: 45996 | H51: Compito | I51: =IF((V51-R51)>3,"SI","") | J51: SI | M51: =IF(R51>0,(SQRT(BT51*(SUM(BU51:BZ51)))),"") | N51: =IF(T51>0,(MAX(T51,Z51,AD51,AH51,AL51,AP51))+SQRT(1.2^2+1^2),"") | O51: =IF(R51="",0,10*LOG10(SUM(BG51:BL51)/(COUNT(R51,X51,AB51,AF51,AJ51,AN51)))) | P51: =IF(AND(Y51="",AC51="",AG51="",AK51="",AO51=""),S51,AVERAGE(S51,Y51,AC51,AG51,AK51,AO51)+STDEV(S51,Y51,AC51,AG51,AK51,AO51)) | Q51: 300 | R51: 85.5 | S51: 85.3 | T51: 101.9 | U51: 85.6 | V51: 87 | W51: 300 | X51: 80.9 | Y51: 81.8 | Z51: 99.5 | AA51: 300 | AB51: 85.2 | AC51: 85.1 | AD51: 105.3 | AE51: 300 | AF51: 85.7 | AG51: 85.2 | AH51: 102.5 | AI51: 300 | AJ51: 84.9 | AK51: 84.6 | AL51: 99.5 | AM51: 300 | AN51: 83.1 | AO51: 83.6 | AP51: 107.8 | AQ51: =IF(AND((O51)<85,N51<137),"NO","SI") | AR51: =IF((480*(10^(7.95-(O51/10))))<480,480*(10^(7.95-(O51/10))),480) | AS51: =IF((480*(10^(8.45-(O51/10))))<480,480*(10^(8.45-(O51/10))),480) | AT51: =IF((480*(10^(8.65-(O51/10))))<480,480*(10^(8.65-(O51/10))),480) | AU51: =IF(O51<80,"0",IF((P51-O51)<=2,('DPI art.191'!$G$3-(('DPI art.191'!$F$3-'DPI art.191'!$G$3)/4)*(P51-O51-2)),('DPI art.191'!$G$3-(('DPI art.191'!$G$3-'DPI art.191'!$H$3)/8)*(P51-O51-2)))) | AV51: =O51-AU51 | AW51: =IF(N51<135,N51,N51-'DPI art.191'!$I$3) | AX51: =IF(I51<80,"0",IF((J51-I51)<=2,('DPI art.191'!$G$7-(('DPI art.191'!$F$7-'DPI art.191'!$G$7)/4)*(I51-J51-2)),('DPI art.191'!$G$7-(('DPI art.191'!$G$7-'DPI art.191'!$H$7)/8)*(J51-I51-2)))) | AY51: =I51-AX51 | AZ51: =IF(H51<135,H51,H51-'DPI art.191'!$I$7) | BA51: =IF(O51<80,"0",IF((P51-O51)<=2,('DPI art.191'!$G$5-(('DPI art.191'!$F$5-'DPI art.191'!$G$5)/4)*(P51-O51-2)),('DPI art.191'!$G$5-(('DPI art.191'!$G$5-'DPI art.191'!$H$5)/8)*(P51-O51-2)))) | BB51: =R51-BA51 | BC51: =IF(N51<135,N51,N51-'DPI art.191'!$I$5) | BD51: =IF(O51<80,"0",IF((P51-O51)<=2,('DPI art.191'!$G$7-(('DPI art.191'!$F$7-'DPI art.191'!$G$7)/4)*(O51-P51-2)),('DPI art.191'!$G$7-(('DPI art.191'!$G$7-'DPI art.191'!$H$7)/8)*(P51-O51-2)))) | BE51: =O51-BD51 | BF51: =IF(N51<135,N51,N51-'DPI art.191'!$I$7) | BG51: =10^(0.1*R51) | BH51: =10^(0.1*X51) | BI51: =10^(0.1*AB51) | BJ51: =10^(0.1*AF51) | BK51: =10^(0.1*AJ51) | BL51: =10^(0.1*AN51) | BM51: =IF(R51>0,(O51-R51),"") | BN51: =IF(X51>0,(O51-X51),"") | BO51: =IF(AB51>0,(O51-AB51),"") | BP51: =IF(AF51>0,(O51-AF51),"") | BQ51: =IF(AJ51>0,(O51-AJ51),"") | BR51: =IF(AN51>0,(O51-AN51),"") | BS51: =COUNT(BM51:BR51) | BT51: =IF(BS51=0,0,IF(BS51=1,0,1/(BS51*(BS51-1)))) | BU51: =IF(R51>0,(BM51^2),"") | BV51: =IF(X51>0,(BN51^2),"") | BW51: =IF(AB51>0,(BO51^2),"") | BX51: =IF(AF51>0,(BP51^2),"") | BY51: =IF(AJ51>0,(BQ51^2),"") | BZ51: =IF(AN51>0,(BR51^2),"")
A52: Gualdo 1 | B52: E8 | C52: Movimentazioni esterne | D52: / | E52: / | F52: Movimentazioni esterne | G52: 45996 | H52: Compito | I52: =IF((V52-R52)>3,"SI","") | J52: SI | M52: =IF(R52>0,(SQRT(BT52*(SUM(BU52:BZ52)))),"") | N52: =IF(T52>0,(MAX(T52,Z52,AD52,AH52,AL52,AP52))+SQRT(1.2^2+1^2),"") | O52: =IF(R52="",0,10*LOG10(SUM(BG52:BL52)/(COUNT(R52,X52,AB52,AF52,AJ52,AN52)))) | P52: =IF(AND(Y52="",AC52="",AG52="",AK52="",AO52=""),S52,AVERAGE(S52,Y52,AC52,AG52,AK52,AO52)+STDEV(S52,Y52,AC52,AG52,AK52,AO52)) | Q52: 300 | R52: 66.6 | S52: 78.8 | T52: 101.7 | U52: 66.7 | V52: 68.7 | W52: 300 | X52: 62.9 | Y52: 74.1 | Z52: 95.4 | AA52: 300 | AB52: 60.5 | AC52: 71.6 | AD52: 93.8 | AE52: 300 | AF52: 61.8 | AG52: 74.7 | AH52: 96.1 | AI52: 300 | AJ52: 59.5 | AK52: 73.2 | AL52: 92.8 | AM52: 300 | AN52: 61.3 | AO52: 75.4 | AP52: 95.9 | AQ52: =IF(AND((O52)<85,N52<137),"NO","SI") | AR52: =IF((480*(10^(7.95-(O52/10))))<480,480*(10^(7.95-(O52/10))),480) | AS52: =IF((480*(10^(8.45-(O52/10))))<480,480*(10^(8.45-(O52/10))),480) | AT52: =IF((480*(10^(8.65-(O52/10))))<480,480*(10^(8.65-(O52/10))),480) | AU52: =IF(O52<80,"0",IF((P52-O52)<=2,('DPI art.191'!$G$3-(('DPI art.191'!$F$3-'DPI art.191'!$G$3)/4)*(P52-O52-2)),('DPI art.191'!$G$3-(('DPI art.191'!$G$3-'DPI art.191'!$H$3)/8)*(P52-O52-2)))) | AV52: =O52-AU52 | AW52: =IF(N52<135,N52,N52-'DPI art.191'!$I$3) | AX52: =IF(I52<80,"0",IF((J52-I52)<=2,('DPI art.191'!$G$7-(('DPI art.191'!$F$7-'DPI art.191'!$G$7)/4)*(I52-J52-2)),('DPI art.191'!$G$7-(('DPI art.191'!$G$7-'DPI art.191'!$H$7)/8)*(J52-I52-2)))) | AY52: =I52-AX52 | AZ52: =IF(H52<135,H52,H52-'DPI art.191'!$I$7) | BA52: =IF(O52<80,"0",IF((P52-O52)<=2,('DPI art.191'!$G$5-(('DPI art.191'!$F$5-'DPI art.191'!$G$5)/4)*(P52-O52-2)),('DPI art.191'!$G$5-(('DPI art.191'!$G$5-'DPI art.191'!$H$5)/8)*(P52-O52-2)))) | BB52: =R52-BA52 | BC52: =IF(N52<135,N52,N52-'DPI art.191'!$I$5) | BD52: =IF(O52<80,"0",IF((P52-O52)<=2,('DPI art.191'!$G$7-(('DPI art.191'!$F$7-'DPI art.191'!$G$7)/4)*(O52-P52-2)),('DPI art.191'!$G$7-(('DPI art.191'!$G$7-'DPI art.191'!$H$7)/8)*(P52-O52-2)))) | BE52: =O52-BD52 | BF52: =IF(N52<135,N52,N52-'DPI art.191'!$I$7) | BG52: =10^(0.1*R52) | BH52: =10^(0.1*X52) | BI52: =10^(0.1*AB52) | BJ52: =10^(0.1*AF52) | BK52: =10^(0.1*AJ52) | BL52: =10^(0.1*AN52) | BM52: =IF(R52>0,(O52-R52),"") | BN52: =IF(X52>0,(O52-X52),"") | BO52: =IF(AB52>0,(O52-AB52),"") | BP52: =IF(AF52>0,(O52-AF52),"") | BQ52: =IF(AJ52>0,(O52-AJ52),"") | BR52: =IF(AN52>0,(O52-AN52),"") | BS52: =COUNT(BM52:BR52) | BT52: =IF(BS52=0,0,IF(BS52=1,0,1/(BS52*(BS52-1)))) | BU52: =IF(R52>0,(BM52^2),"") | BV52: =IF(X52>0,(BN52^2),"") | BW52: =IF(AB52>0,(BO52^2),"") | BX52: =IF(AF52>0,(BP52^2),"") | BY52: =IF(AJ52>0,(BQ52^2),"") | BZ52: =IF(AN52>0,(BR52^2),"")
A53: Gualdo 1 | B53: E9 | C53: Ufficio tecnico | D53: / | E53: / | F53: Attività di ufficio | G53: 45996 | H53: Compito | I53: =IF((V53-R53)>3,"SI","") | J53: =IF((U53-R53)>3,"SI","") | M53: =IF(R53>0,(SQRT(BT53*(SUM(BU53:BZ53)))),"") | N53: =IF(T53>0,(MAX(T53,Z53,AD53,AH53,AL53,AP53))+SQRT(1.2^2+1^2),"") | O53: =IF(R53="",0,10*LOG10(SUM(BG53:BL53)/(COUNT(R53,X53,AB53,AF53,AJ53,AN53)))) | P53: =IF(AND(Y53="",AC53="",AG53="",AK53="",AO53=""),S53,AVERAGE(S53,Y53,AC53,AG53,AK53,AO53)+STDEV(S53,Y53,AC53,AG53,AK53,AO53)) | Q53: 300 | R53: 61.3 | S53: 65.6 | T53: 95 | U53: 61.4 | V53: 68.3 | W53: 300 | X53: 53 | Y53: 62 | Z53: 90.5 | AA53: 300 | AB53: 46.2 | AC53: 58.2 | AD53: 81.9 | AE53: 300 | AF53: 50.1 | AG53: 57.5 | AH53: 85.9 | AI53: 300 | AJ53: 53 | AK53: 59.8 | AL53: 88.4 | AM53: 300 | AN53: 53.2 | AO53: 63.2 | AP53: 93.5 | AQ53: =IF(AND((O53)<85,N53<137),"NO","SI") | AR53: =IF((480*(10^(7.95-(O53/10))))<480,480*(10^(7.95-(O53/10))),480) | AS53: =IF((480*(10^(8.45-(O53/10))))<480,480*(10^(8.45-(O53/10))),480) | AT53: =IF((480*(10^(8.65-(O53/10))))<480,480*(10^(8.65-(O53/10))),480) | AU53: =IF(O53<80,"0",IF((P53-O53)<=2,('DPI art.191'!$G$3-(('DPI art.191'!$F$3-'DPI art.191'!$G$3)/4)*(P53-O53-2)),('DPI art.191'!$G$3-(('DPI art.191'!$G$3-'DPI art.191'!$H$3)/8)*(P53-O53-2)))) | AV53: =O53-AU53 | AW53: =IF(N53<135,N53,N53-'DPI art.191'!$I$3) | AX53: =IF(I53<80,"0",IF((J53-I53)<=2,('DPI art.191'!$G$7-(('DPI art.191'!$F$7-'DPI art.191'!$G$7)/4)*(I53-J53-2)),('DPI art.191'!$G$7-(('DPI art.191'!$G$7-'DPI art.191'!$H$7)/8)*(J53-I53-2)))) | AY53: =I53-AX53 | AZ53: =IF(H53<135,H53,H53-'DPI art.191'!$I$7) | BA53: =IF(O53<80,"0",IF((P53-O53)<=2,('DPI art.191'!$G$5-(('DPI art.191'!$F$5-'DPI art.191'!$G$5)/4)*(P53-O53-2)),('DPI art.191'!$G$5-(('DPI art.191'!$G$5-'DPI art.191'!$H$5)/8)*(P53-O53-2)))) | BB53: =R53-BA53 | BC53: =IF(N53<135,N53,N53-'DPI art.191'!$I$5) | BD53: =IF(O53<80,"0",IF((P53-O53)<=2,('DPI art.191'!$G$7-(('DPI art.191'!$F$7-'DPI art.191'!$G$7)/4)*(O53-P53-2)),('DPI art.191'!$G$7-(('DPI art.191'!$G$7-'DPI art.191'!$H$7)/8)*(P53-O53-2)))) | BE53: =O53-BD53 | BF53: =IF(N53<135,N53,N53-'DPI art.191'!$I$7) | BG53: =10^(0.1*R53) | BH53: =10^(0.1*X53) | BI53: =10^(0.1*AB53) | BJ53: =10^(0.1*AF53) | BK53: =10^(0.1*AJ53) | BL53: =10^(0.1*AN53) | BM53: =IF(R53>0,(O53-R53),"") | BN53: =IF(X53>0,(O53-X53),"") | BO53: =IF(AB53>0,(O53-AB53),"") | BP53: =IF(AF53>0,(O53-AF53),"") | BQ53: =IF(AJ53>0,(O53-AJ53),"") | BR53: =IF(AN53>0,(O53-AN53),"") | BS53: =COUNT(BM53:BR53) | BT53: =IF(BS53=0,0,IF(BS53=1,0,1/(BS53*(BS53-1)))) | BU53: =IF(R53>0,(BM53^2),"") | BV53: =IF(X53>0,(BN53^2),"") | BW53: =IF(AB53>0,(BO53^2),"") | BX53: =IF(AF53>0,(BP53^2),"") | BY53: =IF(AJ53>0,(BQ53^2),"") | BZ53: =IF(AN53>0,(BR53^2),"")
A54: Gualdo 1 | B54: E10 | C54: Magazzino zona compressori | D54: / | E54: / | F54: Controllo impianti tecnici | G54: 45996 | H54: Compito | I54: =IF((V54-R54)>3,"SI","") | J54: SI | M54: =IF(R54>0,(SQRT(BT54*(SUM(BU54:BZ54)))),"") | N54: =IF(T54>0,(MAX(T54,Z54,AD54,AH54,AL54,AP54))+SQRT(1.2^2+1^2),"") | O54: =IF(R54="",0,10*LOG10(SUM(BG54:BL54)/(COUNT(R54,X54,AB54,AF54,AJ54,AN54)))) | P54: =IF(AND(Y54="",AC54="",AG54="",AK54="",AO54=""),S54,AVERAGE(S54,Y54,AC54,AG54,AK54,AO54)+STDEV(S54,Y54,AC54,AG54,AK54,AO54)) | Q54: 300 | R54: 74.9 | S54: 79.4 | T54: 94.8 | U54: 74.9 | V54: 76 | W54: 300 | X54: 74.8 | Y54: 79.3 | Z54: 93.5 | AA54: 300 | AB54: 76.2 | AC54: 79.8 | AD54: 95.5 | AE54: 300 | AF54: 75.5 | AG54: 79.8 | AH54: 98.6 | AI54: 300 | AJ54: 75 | AK54: 79.7 | AL54: 94.5 | AM54: 300 | AN54: 75.2 | AO54: 79.5 | AP54: 95.2 | AQ54: =IF(AND((O54)<85,N54<137),"NO","SI") | AR54: =IF((480*(10^(7.95-(O54/10))))<480,480*(10^(7.95-(O54/10))),480) | AS54: =IF((480*(10^(8.45-(O54/10))))<480,480*(10^(8.45-(O54/10))),480) | AT54: =IF((480*(10^(8.65-(O54/10))))<480,480*(10^(8.65-(O54/10))),480) | AU54: =IF(O54<80,"0",IF((P54-O54)<=2,('DPI art.191'!$G$3-(('DPI art.191'!$F$3-'DPI art.191'!$G$3)/4)*(P54-O54-2)),('DPI art.191'!$G$3-(('DPI art.191'!$G$3-'DPI art.191'!$H$3)/8)*(P54-O54-2)))) | AV54: =O54-AU54 | AW54: =IF(N54<135,N54,N54-'DPI art.191'!$I$3) | AX54: =IF(I54<80,"0",IF((J54-I54)<=2,('DPI art.191'!$G$7-(('DPI art.191'!$F$7-'DPI art.191'!$G$7)/4)*(I54-J54-2)),('DPI art.191'!$G$7-(('DPI art.191'!$G$7-'DPI art.191'!$H$7)/8)*(J54-I54-2)))) | AY54: =I54-AX54 | AZ54: =IF(H54<135,H54,H54-'DPI art.191'!$I$7) | BA54: =IF(O54<80,"0",IF((P54-O54)<=2,('DPI art.191'!$G$5-(('DPI art.191'!$F$5-'DPI art.191'!$G$5)/4)*(P54-O54-2)),('DPI art.191'!$G$5-(('DPI art.191'!$G$5-'DPI art.191'!$H$5)/8)*(P54-O54-2)))) | BB54: =R54-BA54 | BC54: =IF(N54<135,N54,N54-'DPI art.191'!$I$5) | BD54: =IF(O54<80,"0",IF((P54-O54)<=2,('DPI art.191'!$G$7-(('DPI art.191'!$F$7-'DPI art.191'!$G$7)/4)*(O54-P54-2)),('DPI art.191'!$G$7-(('DPI art.191'!$G$7-'DPI art.191'!$H$7)/8)*(P54-O54-2)))) | BE54: =O54-BD54 | BF54: =IF(N54<135,N54,N54-'DPI art.191'!$I$7) | BG54: =10^(0.1*R54) | BH54: =10^(0.1*X54) | BI54: =10^(0.1*AB54) | BJ54: =10^(0.1*AF54) | BK54: =10^(0.1*AJ54) | BL54: =10^(0.1*AN54) | BM54: =IF(R54>0,(O54-R54),"") | BN54: =IF(X54>0,(O54-X54),"") | BO54: =IF(AB54>0,(O54-AB54),"") | BP54: =IF(AF54>0,(O54-AF54),"") | BQ54: =IF(AJ54>0,(O54-AJ54),"") | BR54: =IF(AN54>0,(O54-AN54),"") | BS54: =COUNT(BM54:BR54) | BT54: =IF(BS54=0,0,IF(BS54=1,0,1/(BS54*(BS54-1)))) | BU54: =IF(R54>0,(BM54^2),"") | BV54: =IF(X54>0,(BN54^2),"") | BW54: =IF(AB54>0,(BO54^2),"") | BX54: =IF(AF54>0,(BP54^2),"") | BY54: =IF(AJ54>0,(BQ54^2),"") | BZ54: =IF(AN54>0,(BR54^2),"")
A55: Gualdo 2 | B55: E11 | C55: Ambientale officina con operazioni di molatura in reparto | D55: / | E55: / | F55: Attività di officina con indotto molatura | G55: 46003 | H55: Compito | I55: =IF((V55-R55)>3,"SI","") | J55: SI | M55: =IF(R55>0,(SQRT(BT55*(SUM(BU55:BZ55)))),"") | N55: =IF(T55>0,(MAX(T55,Z55,AD55,AH55,AL55,AP55))+SQRT(1.2^2+1^2),"") | O55: =IF(R55="",0,10*LOG10(SUM(BG55:BL55)/(COUNT(R55,X55,AB55,AF55,AJ55,AN55)))) | P55: =IF(AND(Y55="",AC55="",AG55="",AK55="",AO55=""),S55,AVERAGE(S55,Y55,AC55,AG55,AK55,AO55)+STDEV(S55,Y55,AC55,AG55,AK55,AO55)) | Q55: 300 | R55: 80 | S55: 78.8 | T55: 102.8 | U55: 80 | V55: 81.4 | W55: 300 | X55: 80.3 | Y55: 79 | Z55: 101.5 | AA55: 300 | AB55: 79.4 | AC55: 78 | AD55: 101.2 | AE55: 300 | AF55: 76.5 | AG55: 75.2 | AH55: 101.8 | AI55: 300 | AJ55: 77 | AK55: 75.6 | AL55: 98.3 | AM55: 300 | AN55: 65.8 | AO55: 66.2 | AP55: 97.1 | AQ55: =IF(AND((O55)<85,N55<137),"NO","SI") | AR55: =IF((480*(10^(7.95-(O55/10))))<480,480*(10^(7.95-(O55/10))),480) | AS55: =IF((480*(10^(8.45-(O55/10))))<480,480*(10^(8.45-(O55/10))),480) | AT55: =IF((480*(10^(8.65-(O55/10))))<480,480*(10^(8.65-(O55/10))),480) | AU55: =IF(O55<80,"0",IF((P55-O55)<=2,('DPI art.191'!$G$3-(('DPI art.191'!$F$3-'DPI art.191'!$G$3)/4)*(P55-O55-2)),('DPI art.191'!$G$3-(('DPI art.191'!$G$3-'DPI art.191'!$H$3)/8)*(P55-O55-2)))) | AV55: =O55-AU55 | AW55: =IF(N55<135,N55,N55-'DPI art.191'!$I$3) | AX55: =IF(I55<80,"0",IF((J55-I55)<=2,('DPI art.191'!$G$7-(('DPI art.191'!$F$7-'DPI art.191'!$G$7)/4)*(I55-J55-2)),('DPI art.191'!$G$7-(('DPI art.191'!$G$7-'DPI art.191'!$H$7)/8)*(J55-I55-2)))) | AY55: =I55-AX55 | AZ55: =IF(H55<135,H55,H55-'DPI art.191'!$I$7) | BA55: =IF(O55<80,"0",IF((P55-O55)<=2,('DPI art.191'!$G$5-(('DPI art.191'!$F$5-'DPI art.191'!$G$5)/4)*(P55-O55-2)),('DPI art.191'!$G$5-(('DPI art.191'!$G$5-'DPI art.191'!$H$5)/8)*(P55-O55-2)))) | BB55: =R55-BA55 | BC55: =IF(N55<135,N55,N55-'DPI art.191'!$I$5) | BD55: =IF(O55<80,"0",IF((P55-O55)<=2,('DPI art.191'!$G$7-(('DPI art.191'!$F$7-'DPI art.191'!$G$7)/4)*(O55-P55-2)),('DPI art.191'!$G$7-(('DPI art.191'!$G$7-'DPI art.191'!$H$7)/8)*(P55-O55-2)))) | BE55: =O55-BD55 | BF55: =IF(N55<135,N55,N55-'DPI art.191'!$I$7) | BG55: =10^(0.1*R55) | BH55: =10^(0.1*X55) | BI55: =10^(0.1*AB55) | BJ55: =10^(0.1*AF55) | BK55: =10^(0.1*AJ55) | BL55: =10^(0.1*AN55) | BM55: =IF(R55>0,(O55-R55),"") | BN55: =IF(X55>0,(O55-X55),"") | BO55: =IF(AB55>0,(O55-AB55),"") | BP55: =IF(AF55>0,(O55-AF55),"") | BQ55: =IF(AJ55>0,(O55-AJ55),"") | BR55: =IF(AN55>0,(O55-AN55),"") | BS55: =COUNT(BM55:BR55) | BT55: =IF(BS55=0,0,IF(BS55=1,0,1/(BS55*(BS55-1)))) | BU55: =IF(R55>0,(BM55^2),"") | BV55: =IF(X55>0,(BN55^2),"") | BW55: =IF(AB55>0,(BO55^2),"") | BX55: =IF(AF55>0,(BP55^2),"") | BY55: =IF(AJ55>0,(BQ55^2),"") | BZ55: =IF(AN55>0,(BR55^2),"")
A56: Gualdo 2 | B56: E12 | C56: Ambientale officina con operazioni di molatura in reparto | D56: / | E56: / | F56: Attività di officina con indotto molatura | G56: 46003 | H56: Compito | I56: =IF((V56-R56)>3,"SI","") | J56: =IF((U56-R56)>3,"SI","") | M56: =IF(R56>0,(SQRT(BT56*(SUM(BU56:BZ56)))),"") | N56: =IF(T56>0,(MAX(T56,Z56,AD56,AH56,AL56,AP56))+SQRT(1.2^2+1^2),"") | O56: =IF(R56="",0,10*LOG10(SUM(BG56:BL56)/(COUNT(R56,X56,AB56,AF56,AJ56,AN56)))) | P56: =IF(AND(Y56="",AC56="",AG56="",AK56="",AO56=""),S56,AVERAGE(S56,Y56,AC56,AG56,AK56,AO56)+STDEV(S56,Y56,AC56,AG56,AK56,AO56)) | Q56: 300 | R56: 67.4 | S56: 75.7 | T56: 96.3 | U56: 67.3 | V56: 70.5 | W56: 300 | X56: 66.6 | Y56: 69.7 | Z56: 95.1 | AA56: 300 | AB56: 73 | AC56: 73.4 | AD56: 99.6 | AE56: 300 | AF56: 68.6 | AG56: 77.7 | AH56: 92.8 | AI56: 300 | AJ56: 68.6 | AK56: 74.7 | AL56: 99.2 | AM56: 300 | AN56: 68.7 | AO56: 68.1 | AP56: 113.7 | AQ56: =IF(AND((O56)<85,N56<137),"NO","SI") | AR56: =IF((480*(10^(7.95-(O56/10))))<480,480*(10^(7.95-(O56/10))),480) | AS56: =IF((480*(10^(8.45-(O56/10))))<480,480*(10^(8.45-(O56/10))),480) | AT56: =IF((480*(10^(8.65-(O56/10))))<480,480*(10^(8.65-(O56/10))),480) | AU56: =IF(O56<80,"0",IF((P56-O56)<=2,('DPI art.191'!$G$3-(('DPI art.191'!$F$3-'DPI art.191'!$G$3)/4)*(P56-O56-2)),('DPI art.191'!$G$3-(('DPI art.191'!$G$3-'DPI art.191'!$H$3)/8)*(P56-O56-2)))) | AV56: =O56-AU56 | AW56: =IF(N56<135,N56,N56-'DPI art.191'!$I$3) | AX56: =IF(I56<80,"0",IF((J56-I56)<=2,('DPI art.191'!$G$7-(('DPI art.191'!$F$7-'DPI art.191'!$G$7)/4)*(I56-J56-2)),('DPI art.191'!$G$7-(('DPI art.191'!$G$7-'DPI art.191'!$H$7)/8)*(J56-I56-2)))) | AY56: =I56-AX56 | AZ56: =IF(H56<135,H56,H56-'DPI art.191'!$I$7) | BA56: =IF(O56<80,"0",IF((P56-O56)<=2,('DPI art.191'!$G$5-(('DPI art.191'!$F$5-'DPI art.191'!$G$5)/4)*(P56-O56-2)),('DPI art.191'!$G$5-(('DPI art.191'!$G$5-'DPI art.191'!$H$5)/8)*(P56-O56-2)))) | BB56: =R56-BA56 | BC56: =IF(N56<135,N56,N56-'DPI art.191'!$I$5) | BD56: =IF(O56<80,"0",IF((P56-O56)<=2,('DPI art.191'!$G$7-(('DPI art.191'!$F$7-'DPI art.191'!$G$7)/4)*(O56-P56-2)),('DPI art.191'!$G$7-(('DPI art.191'!$G$7-'DPI art.191'!$H$7)/8)*(P56-O56-2)))) | BE56: =O56-BD56 | BF56: =IF(N56<135,N56,N56-'DPI art.191'!$I$7) | BG56: =10^(0.1*R56) | BH56: =10^(0.1*X56) | BI56: =10^(0.1*AB56) | BJ56: =10^(0.1*AF56) | BK56: =10^(0.1*AJ56) | BL56: =10^(0.1*AN56) | BM56: =IF(R56>0,(O56-R56),"") | BN56: =IF(X56>0,(O56-X56),"") | BO56: =IF(AB56>0,(O56-AB56),"") | BP56: =IF(AF56>0,(O56-AF56),"") | BQ56: =IF(AJ56>0,(O56-AJ56),"") | BR56: =IF(AN56>0,(O56-AN56),"") | BS56: =COUNT(BM56:BR56) | BT56: =IF(BS56=0,0,IF(BS56=1,0,1/(BS56*(BS56-1)))) | BU56: =IF(R56>0,(BM56^2),"") | BV56: =IF(X56>0,(BN56^2),"") | BW56: =IF(AB56>0,(BO56^2),"") | BX56: =IF(AF56>0,(BP56^2),"") | BY56: =IF(AJ56>0,(BQ56^2),"") | BZ56: =IF(AN56>0,(BR56^2),"")
A57: Gualdo 2 | B57: E13 | C57: Ambientale officina con operazioni di movimentazione in reparto | D57: / | E57: / | F57: Attività di officina con indotto movimentazioni | G57: 46003 | H57: Compito | I57: =IF((V57-R57)>3,"SI","") | J57: =IF((U57-R57)>3,"SI","") | M57: =IF(R57>0,(SQRT(BT57*(SUM(BU57:BZ57)))),"") | N57: =IF(T57>0,(MAX(T57,Z57,AD57,AH57,AL57,AP57))+SQRT(1.2^2+1^2),"") | O57: =IF(R57="",0,10*LOG10(SUM(BG57:BL57)/(COUNT(R57,X57,AB57,AF57,AJ57,AN57)))) | P57: =IF(AND(Y57="",AC57="",AG57="",AK57="",AO57=""),S57,AVERAGE(S57,Y57,AC57,AG57,AK57,AO57)+STDEV(S57,Y57,AC57,AG57,AK57,AO57)) | Q57: 300 | R57: 56.2 | S57: 61.5 | T57: 86.8 | U57: 56.2 | V57: 61 | W57: 300 | X57: 57.7 | Y57: 62.6 | Z57: 91.8 | AA57: 300 | AB57: 56.3 | AC57: 61.8 | AD57: 82.3 | AE57: 300 | AF57: 58.8 | AG57: 62.6 | AH57: 88.7 | AI57: 300 | AJ57: 53.7 | AK57: 60.6 | AL57: 77 | AM57: 300 | AN57: 64.4 | AO57: 64.5 | AP57: 90.8 | AQ57: =IF(AND((O57)<85,N57<137),"NO","SI") | AR57: =IF((480*(10^(7.95-(O57/10))))<480,480*(10^(7.95-(O57/10))),480) | AS57: =IF((480*(10^(8.45-(O57/10))))<480,480*(10^(8.45-(O57/10))),480) | AT57: =IF((480*(10^(8.65-(O57/10))))<480,480*(10^(8.65-(O57/10))),480) | AU57: =IF(O57<80,"0",IF((P57-O57)<=2,('DPI art.191'!$G$3-(('DPI art.191'!$F$3-'DPI art.191'!$G$3)/4)*(P57-O57-2)),('DPI art.191'!$G$3-(('DPI art.191'!$G$3-'DPI art.191'!$H$3)/8)*(P57-O57-2)))) | AV57: =O57-AU57 | AW57: =IF(N57<135,N57,N57-'DPI art.191'!$I$3) | AX57: =IF(I57<80,"0",IF((J57-I57)<=2,('DPI art.191'!$G$7-(('DPI art.191'!$F$7-'DPI art.191'!$G$7)/4)*(I57-J57-2)),('DPI art.191'!$G$7-(('DPI art.191'!$G$7-'DPI art.191'!$H$7)/8)*(J57-I57-2)))) | AY57: =I57-AX57 | AZ57: =IF(H57<135,H57,H57-'DPI art.191'!$I$7) | BA57: =IF(O57<80,"0",IF((P57-O57)<=2,('DPI art.191'!$G$5-(('DPI art.191'!$F$5-'DPI art.191'!$G$5)/4)*(P57-O57-2)),('DPI art.191'!$G$5-(('DPI art.191'!$G$5-'DPI art.191'!$H$5)/8)*(P57-O57-2)))) | BB57: =R57-BA57 | BC57: =IF(N57<135,N57,N57-'DPI art.191'!$I$5) | BD57: =IF(O57<80,"0",IF((P57-O57)<=2,('DPI art.191'!$G$7-(('DPI art.191'!$F$7-'DPI art.191'!$G$7)/4)*(O57-P57-2)),('DPI art.191'!$G$7-(('DPI art.191'!$G$7-'DPI art.191'!$H$7)/8)*(P57-O57-2)))) | BE57: =O57-BD57 | BF57: =IF(N57<135,N57,N57-'DPI art.191'!$I$7) | BG57: =10^(0.1*R57) | BH57: =10^(0.1*X57) | BI57: =10^(0.1*AB57) | BJ57: =10^(0.1*AF57) | BK57: =10^(0.1*AJ57) | BL57: =10^(0.1*AN57) | BM57: =IF(R57>0,(O57-R57),"") | BN57: =IF(X57>0,(O57-X57),"") | BO57: =IF(AB57>0,(O57-AB57),"") | BP57: =IF(AF57>0,(O57-AF57),"") | BQ57: =IF(AJ57>0,(O57-AJ57),"") | BR57: =IF(AN57>0,(O57-AN57),"") | BS57: =COUNT(BM57:BR57) | BT57: =IF(BS57=0,0,IF(BS57=1,0,1/(BS57*(BS57-1)))) | BU57: =IF(R57>0,(BM57^2),"") | BV57: =IF(X57>0,(BN57^2),"") | BW57: =IF(AB57>0,(BO57^2),"") | BX57: =IF(AF57>0,(BP57^2),"") | BY57: =IF(AJ57>0,(BQ57^2),"") | BZ57: =IF(AN57>0,(BR57^2),"")
A58: Gauado 1 - capannone B | B58: E14 | C58: Montaggio - preparazione e movimentazione pezzi | D58: / | E58: / | F58: Montaggio - preparazione e movimentazione pezzi | G58: 46003 | H58: Compito | I58: =IF((V58-R58)>3,"SI","") | J58: =IF((U58-R58)>3,"SI","") | M58: =IF(R58>0,(SQRT(BT58*(SUM(BU58:BZ58)))),"") | N58: =IF(T58>0,(MAX(T58,Z58,AD58,AH58,AL58,AP58))+SQRT(1.2^2+1^2),"") | O58: =IF(R58="",0,10*LOG10(SUM(BG58:BL58)/(COUNT(R58,X58,AB58,AF58,AJ58,AN58)))) | P58: =IF(AND(Y58="",AC58="",AG58="",AK58="",AO58=""),S58,AVERAGE(S58,Y58,AC58,AG58,AK58,AO58)+STDEV(S58,Y58,AC58,AG58,AK58,AO58)) | Q58: 300 | R58: 76.9 | S58: 79.8 | T58: 101.9 | U58: 77 | V58: 80.9 | W58: 300 | X58: 78.7 | Y58: 80.6 | Z58: 107.3 | AA58: 300 | AB58: 75.7 | AC58: 77.2 | AD58: 104.6 | AE58: 300 | AF58: 85.2 | AG58: 85.5 | AH58: 116.6 | AI58: 300 | AJ58: 86.8 | AK58: 86.2 | AL58: 121.3 | AM58: 300 | AN58: 85.5 | AO58: 84.8 | AP58: 109 | AQ58: =IF(AND((O58)<85,N58<137),"NO","SI") | AR58: =IF((480*(10^(7.95-(O58/10))))<480,480*(10^(7.95-(O58/10))),480) | AS58: =IF((480*(10^(8.45-(O58/10))))<480,480*(10^(8.45-(O58/10))),480) | AT58: =IF((480*(10^(8.65-(O58/10))))<480,480*(10^(8.65-(O58/10))),480) | AU58: =IF(O58<80,"0",IF((P58-O58)<=2,('DPI art.191'!$G$3-(('DPI art.191'!$F$3-'DPI art.191'!$G$3)/4)*(P58-O58-2)),('DPI art.191'!$G$3-(('DPI art.191'!$G$3-'DPI art.191'!$H$3)/8)*(P58-O58-2)))) | AV58: =O58-AU58 | AW58: =IF(N58<135,N58,N58-'DPI art.191'!$I$3) | AX58: =IF(I58<80,"0",IF((J58-I58)<=2,('DPI art.191'!$G$7-(('DPI art.191'!$F$7-'DPI art.191'!$G$7)/4)*(I58-J58-2)),('DPI art.191'!$G$7-(('DPI art.191'!$G$7-'DPI art.191'!$H$7)/8)*(J58-I58-2)))) | AY58: =I58-AX58 | AZ58: =IF(H58<135,H58,H58-'DPI art.191'!$I$7) | BA58: =IF(O58<80,"0",IF((P58-O58)<=2,('DPI art.191'!$G$5-(('DPI art.191'!$F$5-'DPI art.191'!$G$5)/4)*(P58-O58-2)),('DPI art.191'!$G$5-(('DPI art.191'!$G$5-'DPI art.191'!$H$5)/8)*(P58-O58-2)))) | BB58: =R58-BA58 | BC58: =IF(N58<135,N58,N58-'DPI art.191'!$I$5) | BD58: =IF(O58<80,"0",IF((P58-O58)<=2,('DPI art.191'!$G$7-(('DPI art.191'!$F$7-'DPI art.191'!$G$7)/4)*(O58-P58-2)),('DPI art.191'!$G$7-(('DPI art.191'!$G$7-'DPI art.191'!$H$7)/8)*(P58-O58-2)))) | BE58: =O58-BD58 | BF58: =IF(N58<135,N58,N58-'DPI art.191'!$I$7) | BG58: =10^(0.1*R58) | BH58: =10^(0.1*X58) | BI58: =10^(0.1*AB58) | BJ58: =10^(0.1*AF58) | BK58: =10^(0.1*AJ58) | BL58: =10^(0.1*AN58) | BM58: =IF(R58>0,(O58-R58),"") | BN58: =IF(X58>0,(O58-X58),"") | BO58: =IF(AB58>0,(O58-AB58),"") | BP58: =IF(AF58>0,(O58-AF58),"") | BQ58: =IF(AJ58>0,(O58-AJ58),"") | BR58: =IF(AN58>0,(O58-AN58),"") | BS58: =COUNT(BM58:BR58) | BT58: =IF(BS58=0,0,IF(BS58=1,0,1/(BS58*(BS58-1)))) | BU58: =IF(R58>0,(BM58^2),"") | BV58: =IF(X58>0,(BN58^2),"") | BW58: =IF(AB58>0,(BO58^2),"") | BX58: =IF(AF58>0,(BP58^2),"") | BY58: =IF(AJ58>0,(BQ58^2),"") | BZ58: =IF(AN58>0,(BR58^2),"")
A59: E15 | B59: E15 | C59: Montaggio-smontaggio con avvitaore pneumatico | D59: Swepro | E59: SW SP5212 | F59: Montaggio-smontaggio con avvitaore pneumatico | G59: 46003 | H59: Compito | I59: =IF((V59-R59)>3,"SI","") | J59: =IF((U59-R59)>3,"SI","") | M59: =IF(R59>0,(SQRT(BT59*(SUM(BU59:BZ59)))),"") | N59: =IF(T59>0,(MAX(T59,Z59,AD59,AH59,AL59,AP59))+SQRT(1.2^2+1^2),"") | O59: =IF(R59="",0,10*LOG10(SUM(BG59:BL59)/(COUNT(R59,X59,AB59,AF59,AJ59,AN59)))) | P59: =IF(AND(Y59="",AC59="",AG59="",AK59="",AO59=""),S59,AVERAGE(S59,Y59,AC59,AG59,AK59,AO59)+STDEV(S59,Y59,AC59,AG59,AK59,AO59)) | Q59: 300 | R59: 94 | S59: 92.9 | T59: 126.6 | U59: 94 | V59: 101.4 | W59: 300 | X59: 92.3 | Y59: 91.1 | Z59: 121.4 | AA59: 300 | AB59: 89.5 | AC59: 88.4 | AD59: 119.8 | AE59: 300 | AF59: 94.3 | AG59: 93.3 | AH59: 127.2 | AI59: 300 | AJ59: 92.5 | AK59: 91.4 | AL59: 122.1 | AM59: 300 | AN59: 93.4 | AO59: 92.5 | AP59: 132.5 | AQ59: =IF(AND((O59)<85,N59<137),"NO","SI") | AR59: =IF((480*(10^(7.95-(O59/10))))<480,480*(10^(7.95-(O59/10))),480) | AS59: =IF((480*(10^(8.45-(O59/10))))<480,480*(10^(8.45-(O59/10))),480) | AT59: =IF((480*(10^(8.65-(O59/10))))<480,480*(10^(8.65-(O59/10))),480) | AU59: =IF(O59<80,"0",IF((P59-O59)<=2,('DPI art.191'!$G$3-(('DPI art.191'!$F$3-'DPI art.191'!$G$3)/4)*(P59-O59-2)),('DPI art.191'!$G$3-(('DPI art.191'!$G$3-'DPI art.191'!$H$3)/8)*(P59-O59-2)))) | AV59: =O59-AU59 | AW59: =IF(N59<135,N59,N59-'DPI art.191'!$I$3) | AX59: =IF(I59<80,"0",IF((J59-I59)<=2,('DPI art.191'!$G$7-(('DPI art.191'!$F$7-'DPI art.191'!$G$7)/4)*(I59-J59-2)),('DPI art.191'!$G$7-(('DPI art.191'!$G$7-'DPI art.191'!$H$7)/8)*(J59-I59-2)))) | AY59: =I59-AX59 | AZ59: =IF(H59<135,H59,H59-'DPI art.191'!$I$7) | BA59: =IF(O59<80,"0",IF((P59-O59)<=2,('DPI art.191'!$G$5-(('DPI art.191'!$F$5-'DPI art.191'!$G$5)/4)*(P59-O59-2)),('DPI art.191'!$G$5-(('DPI art.191'!$G$5-'DPI art.191'!$H$5)/8)*(P59-O59-2)))) | BB59: =R59-BA59 | BC59: =IF(N59<135,N59,N59-'DPI art.191'!$I$5) | BD59: =IF(O59<80,"0",IF((P59-O59)<=2,('DPI art.191'!$G$7-(('DPI art.191'!$F$7-'DPI art.191'!$G$7)/4)*(O59-P59-2)),('DPI art.191'!$G$7-(('DPI art.191'!$G$7-'DPI art.191'!$H$7)/8)*(P59-O59-2)))) | BE59: =O59-BD59 | BF59: =IF(N59<135,N59,N59-'DPI art.191'!$I$7) | BG59: =10^(0.1*R59) | BH59: =10^(0.1*X59) | BI59: =10^(0.1*AB59) | BJ59: =10^(0.1*AF59) | BK59: =10^(0.1*AJ59) | BL59: =10^(0.1*AN59) | BM59: =IF(R59>0,(O59-R59),"") | BN59: =IF(X59>0,(O59-X59),"") | BO59: =IF(AB59>0,(O59-AB59),"") | BP59: =IF(AF59>0,(O59-AF59),"") | BQ59: =IF(AJ59>0,(O59-AJ59),"") | BR59: =IF(AN59>0,(O59-AN59),"") | BS59: =COUNT(BM59:BR59) | BT59: =IF(BS59=0,0,IF(BS59=1,0,1/(BS59*(BS59-1)))) | BU59: =IF(R59>0,(BM59^2),"") | BV59: =IF(X59>0,(BN59^2),"") | BW59: =IF(AB59>0,(BO59^2),"") | BX59: =IF(AF59>0,(BP59^2),"") | BY59: =IF(AJ59>0,(BQ59^2),"") | BZ59: =IF(AN59>0,(BR59^2),"")
A60: 024/B/PRS747 | B60: E16 | C60: Saldatrice a filo | D60: ESAB | E60: Generat. ARISTO MIG 5000I W MA6 Trainaf. ORIGO FEED 4804W MA24 10P | F60: Saldatura | G60: 46003 | H60: Compito | I60: =IF((V60-R60)>3,"SI","") | J60: SI | M60: =IF(R60>0,(SQRT(BT60*(SUM(BU60:BZ60)))),"") | N60: =IF(T60>0,(MAX(T60,Z60,AD60,AH60,AL60,AP60))+SQRT(1.2^2+1^2),"") | O60: =IF(R60="",0,10*LOG10(SUM(BG60:BL60)/(COUNT(R60,X60,AB60,AF60,AJ60,AN60)))) | P60: =IF(AND(Y60="",AC60="",AG60="",AK60="",AO60=""),S60,AVERAGE(S60,Y60,AC60,AG60,AK60,AO60)+STDEV(S60,Y60,AC60,AG60,AK60,AO60)) | Q60: 300 | R60: 97.4 | S60: 95.8 | T60: 121.1 | U60: 97.2 | V60: 99.7 | W60: 300 | X60: 94.6 | Y60: 93.1 | Z60: 121.4 | AA60: 300 | AB60: 78.5 | AC60: 80.5 | AD60: 112.8 | AE60: 300 | AF60: 93.4 | AG60: 91.9 | AH60: 116.9 | AI60: 300 | AJ60: 90.9 | AK60: 89.7 | AL60: 113 | AM60: 300 | AN60: 85.3 | AO60: 85.1 | AP60: 118.2 | AQ60: =IF(AND((O60)<85,N60<137),"NO","SI") | AR60: =IF((480*(10^(7.95-(O60/10))))<480,480*(10^(7.95-(O60/10))),480) | AS60: =IF((480*(10^(8.45-(O60/10))))<480,480*(10^(8.45-(O60/10))),480) | AT60: =IF((480*(10^(8.65-(O60/10))))<480,480*(10^(8.65-(O60/10))),480) | AU60: =IF(O60<80,"0",IF((P60-O60)<=2,('DPI art.191'!$G$3-(('DPI art.191'!$F$3-'DPI art.191'!$G$3)/4)*(P60-O60-2)),('DPI art.191'!$G$3-(('DPI art.191'!$G$3-'DPI art.191'!$H$3)/8)*(P60-O60-2)))) | AV60: =O60-AU60 | AW60: =IF(N60<135,N60,N60-'DPI art.191'!$I$3) | AX60: =IF(I60<80,"0",IF((J60-I60)<=2,('DPI art.191'!$G$7-(('DPI art.191'!$F$7-'DPI art.191'!$G$7)/4)*(I60-J60-2)),('DPI art.191'!$G$7-(('DPI art.191'!$G$7-'DPI art.191'!$H$7)/8)*(J60-I60-2)))) | AY60: =I60-AX60 | AZ60: =IF(H60<135,H60,H60-'DPI art.191'!$I$7) | BA60: =IF(O60<80,"0",IF((P60-O60)<=2,('DPI art.191'!$G$5-(('DPI art.191'!$F$5-'DPI art.191'!$G$5)/4)*(P60-O60-2)),('DPI art.191'!$G$5-(('DPI art.191'!$G$5-'DPI art.191'!$H$5)/8)*(P60-O60-2)))) | BB60: =R60-BA60 | BC60: =IF(N60<135,N60,N60-'DPI art.191'!$I$5) | BD60: =IF(O60<80,"0",IF((P60-O60)<=2,('DPI art.191'!$G$7-(('DPI art.191'!$F$7-'DPI art.191'!$G$7)/4)*(O60-P60-2)),('DPI art.191'!$G$7-(('DPI art.191'!$G$7-'DPI art.191'!$H$7)/8)*(P60-O60-2)))) | BE60: =O60-BD60 | BF60: =IF(N60<135,N60,N60-'DPI art.191'!$I$7) | BG60: =10^(0.1*R60) | BH60: =10^(0.1*X60) | BI60: =10^(0.1*AB60) | BJ60: =10^(0.1*AF60) | BK60: =10^(0.1*AJ60) | BL60: =10^(0.1*AN60) | BM60: =IF(R60>0,(O60-R60),"") | BN60: =IF(X60>0,(O60-X60),"") | BO60: =IF(AB60>0,(O60-AB60),"") | BP60: =IF(AF60>0,(O60-AF60),"") | BQ60: =IF(AJ60>0,(O60-AJ60),"") | BR60: =IF(AN60>0,(O60-AN60),"") | BS60: =COUNT(BM60:BR60) | BT60: =IF(BS60=0,0,IF(BS60=1,0,1/(BS60*(BS60-1)))) | BU60: =IF(R60>0,(BM60^2),"") | BV60: =IF(X60>0,(BN60^2),"") | BW60: =IF(AB60>0,(BO60^2),"") | BX60: =IF(AF60>0,(BP60^2),"") | BY60: =IF(AJ60>0,(BQ60^2),"") | BZ60: =IF(AN60>0,(BR60^2),"")
A61: Verniciatura | B61: E17 | C61: Zona miscelazione per preparazione vernici | D61: / | E61: / | F61: Miscelazione per preparazione vernici | G61: 46003 | H61: Compito | I61: =IF((V61-R61)>3,"SI","") | J61: SI | M61: =IF(R61>0,(SQRT(BT61*(SUM(BU61:BZ61)))),"") | N61: =IF(T61>0,(MAX(T61,Z61,AD61,AH61,AL61,AP61))+SQRT(1.2^2+1^2),"") | O61: =IF(R61="",0,10*LOG10(SUM(BG61:BL61)/(COUNT(R61,X61,AB61,AF61,AJ61,AN61)))) | P61: =IF(AND(Y61="",AC61="",AG61="",AK61="",AO61=""),S61,AVERAGE(S61,Y61,AC61,AG61,AK61,AO61)+STDEV(S61,Y61,AC61,AG61,AK61,AO61)) | Q61: 300 | R61: 77.3 | S61: 77.6 | T61: 96.1 | U61: 77.3 | V61: 80.1 | W61: 300 | X61: 79.7 | Y61: 79.7 | Z61: 97.3 | AA61: 300 | AB61: 80.3 | AC61: 80.1 | AD61: 97.2 | AE61: 300 | AF61: 77.1 | AG61: 78.5 | AH61: 105.5 | AI61: 300 | AJ61: 72.7 | AK61: 74.9 | AL61: 92.2 | AM61: 300 | AN61: 78 | AO61: 80 | AP61: 98.8 | AQ61: =IF(AND((O61)<85,N61<137),"NO","SI") | AR61: =IF((480*(10^(7.95-(O61/10))))<480,480*(10^(7.95-(O61/10))),480) | AS61: =IF((480*(10^(8.45-(O61/10))))<480,480*(10^(8.45-(O61/10))),480) | AT61: =IF((480*(10^(8.65-(O61/10))))<480,480*(10^(8.65-(O61/10))),480) | AU61: =IF(O61<80,"0",IF((P61-O61)<=2,('DPI art.191'!$G$3-(('DPI art.191'!$F$3-'DPI art.191'!$G$3)/4)*(P61-O61-2)),('DPI art.191'!$G$3-(('DPI art.191'!$G$3-'DPI art.191'!$H$3)/8)*(P61-O61-2)))) | AV61: =O61-AU61 | AW61: =IF(N61<135,N61,N61-'DPI art.191'!$I$3) | AX61: =IF(I61<80,"0",IF((J61-I61)<=2,('DPI art.191'!$G$7-(('DPI art.191'!$F$7-'DPI art.191'!$G$7)/4)*(I61-J61-2)),('DPI art.191'!$G$7-(('DPI art.191'!$G$7-'DPI art.191'!$H$7)/8)*(J61-I61-2)))) | AY61: =I61-AX61 | AZ61: =IF(H61<135,H61,H61-'DPI art.191'!$I$7) | BA61: =IF(O61<80,"0",IF((P61-O61)<=2,('DPI art.191'!$G$5-(('DPI art.191'!$F$5-'DPI art.191'!$G$5)/4)*(P61-O61-2)),('DPI art.191'!$G$5-(('DPI art.191'!$G$5-'DPI art.191'!$H$5)/8)*(P61-O61-2)))) | BB61: =R61-BA61 | BC61: =IF(N61<135,N61,N61-'DPI art.191'!$I$5) | BD61: =IF(O61<80,"0",IF((P61-O61)<=2,('DPI art.191'!$G$7-(('DPI art.191'!$F$7-'DPI art.191'!$G$7)/4)*(O61-P61-2)),('DPI art.191'!$G$7-(('DPI art.191'!$G$7-'DPI art.191'!$H$7)/8)*(P61-O61-2)))) | BE61: =O61-BD61 | BF61: =IF(N61<135,N61,N61-'DPI art.191'!$I$7) | BG61: =10^(0.1*R61) | BH61: =10^(0.1*X61) | BI61: =10^(0.1*AB61) | BJ61: =10^(0.1*AF61) | BK61: =10^(0.1*AJ61) | BL61: =10^(0.1*AN61) | BM61: =IF(R61>0,(O61-R61),"") | BN61: =IF(X61>0,(O61-X61),"") | BO61: =IF(AB61>0,(O61-AB61),"") | BP61: =IF(AF61>0,(O61-AF61),"") | BQ61: =IF(AJ61>0,(O61-AJ61),"") | BR61: =IF(AN61>0,(O61-AN61),"") | BS61: =COUNT(BM61:BR61) | BT61: =IF(BS61=0,0,IF(BS61=1,0,1/(BS61*(BS61-1)))) | BU61: =IF(R61>0,(BM61^2),"") | BV61: =IF(X61>0,(BN61^2),"") | BW61: =IF(AB61>0,(BO61^2),"") | BX61: =IF(AF61>0,(BP61^2),"") | BY61: =IF(AJ61>0,(BQ61^2),"") | BZ61: =IF(AN61>0,(BR61^2),"")
A62: E18 | B62: E18 | C62: Box piazzale esterno | D62: / | E62: / | F62: Attività di supporto fasi di movimentazione in box piazzale esterno | G62: 46003 | H62: Compito | I62: =IF((V62-R62)>3,"SI","") | J62: =IF((U62-R62)>3,"SI","") | M62: =IF(R62>0,(SQRT(BT62*(SUM(BU62:BZ62)))),"") | N62: =IF(T62>0,(MAX(T62,Z62,AD62,AH62,AL62,AP62))+SQRT(1.2^2+1^2),"") | O62: =IF(R62="",0,10*LOG10(SUM(BG62:BL62)/(COUNT(R62,X62,AB62,AF62,AJ62,AN62)))) | P62: =IF(AND(Y62="",AC62="",AG62="",AK62="",AO62=""),S62,AVERAGE(S62,Y62,AC62,AG62,AK62,AO62)+STDEV(S62,Y62,AC62,AG62,AK62,AO62)) | Q62: 300 | R62: 62 | S62: 72.2 | T62: 107.9 | U62: 62 | V62: 71.3 | W62: 300 | X62: 62.8 | Y62: 78.1 | Z62: 110.6 | AA62: 300 | AB62: 61.1 | AC62: 73.1 | AD62: 106.9 | AE62: 300 | AF62: 65.1 | AG62: 74.8 | AH62: 108.7 | AI62: 300 | AJ62: 59.6 | AK62: 72.7 | AL62: 108.6 | AM62: 300 | AN62: 57.8 | AO62: 73.2 | AP62: 103.3 | AQ62: =IF(AND((O62)<85,N62<137),"NO","SI") | AR62: =IF((480*(10^(7.95-(O62/10))))<480,480*(10^(7.95-(O62/10))),480) | AS62: =IF((480*(10^(8.45-(O62/10))))<480,480*(10^(8.45-(O62/10))),480) | AT62: =IF((480*(10^(8.65-(O62/10))))<480,480*(10^(8.65-(O62/10))),480) | AU62: =IF(O62<80,"0",IF((P62-O62)<=2,('DPI art.191'!$G$3-(('DPI art.191'!$F$3-'DPI art.191'!$G$3)/4)*(P62-O62-2)),('DPI art.191'!$G$3-(('DPI art.191'!$G$3-'DPI art.191'!$H$3)/8)*(P62-O62-2)))) | AV62: =O62-AU62 | AW62: =IF(N62<135,N62,N62-'DPI art.191'!$I$3) | AX62: =IF(I62<80,"0",IF((J62-I62)<=2,('DPI art.191'!$G$7-(('DPI art.191'!$F$7-'DPI art.191'!$G$7)/4)*(I62-J62-2)),('DPI art.191'!$G$7-(('DPI art.191'!$G$7-'DPI art.191'!$H$7)/8)*(J62-I62-2)))) | AY62: =I62-AX62 | AZ62: =IF(H62<135,H62,H62-'DPI art.191'!$I$7) | BA62: =IF(O62<80,"0",IF((P62-O62)<=2,('DPI art.191'!$G$5-(('DPI art.191'!$F$5-'DPI art.191'!$G$5)/4)*(P62-O62-2)),('DPI art.191'!$G$5-(('DPI art.191'!$G$5-'DPI art.191'!$H$5)/8)*(P62-O62-2)))) | BB62: =R62-BA62 | BC62: =IF(N62<135,N62,N62-'DPI art.191'!$I$5) | BD62: =IF(O62<80,"0",IF((P62-O62)<=2,('DPI art.191'!$G$7-(('DPI art.191'!$F$7-'DPI art.191'!$G$7)/4)*(O62-P62-2)),('DPI art.191'!$G$7-(('DPI art.191'!$G$7-'DPI art.191'!$H$7)/8)*(P62-O62-2)))) | BE62: =O62-BD62 | BF62: =IF(N62<135,N62,N62-'DPI art.191'!$I$7) | BG62: =10^(0.1*R62) | BH62: =10^(0.1*X62) | BI62: =10^(0.1*AB62) | BJ62: =10^(0.1*AF62) | BK62: =10^(0.1*AJ62) | BL62: =10^(0.1*AN62) | BM62: =IF(R62>0,(O62-R62),"") | BN62: =IF(X62>0,(O62-X62),"") | BO62: =IF(AB62>0,(O62-AB62),"") | BP62: =IF(AF62>0,(O62-AF62),"") | BQ62: =IF(AJ62>0,(O62-AJ62),"") | BR62: =IF(AN62>0,(O62-AN62),"") | BS62: =COUNT(BM62:BR62) | BT62: =IF(BS62=0,0,IF(BS62=1,0,1/(BS62*(BS62-1)))) | BU62: =IF(R62>0,(BM62^2),"") | BV62: =IF(X62>0,(BN62^2),"") | BW62: =IF(AB62>0,(BO62^2),"") | BX62: =IF(AF62>0,(BP62^2),"") | BY62: =IF(AJ62>0,(BQ62^2),"") | BZ62: =IF(AN62>0,(BR62^2),"")
A63: 273/09 | B63: F1 | C63: Sega a nastro | D63: SCORTEGAGNA | E63: RUSCH 320/450 G | F63: Taglio con sega a nastro | G63: 45996 | H63: Compito | I63: =IF((V63-R63)>3,"SI","") | J63: SI | M63: =IF(R63>0,(SQRT(BT63*(SUM(BU63:BZ63)))),"") | N63: =IF(T63>0,(MAX(T63,Z63,AD63,AH63,AL63,AP63))+SQRT(1.2^2+1^2),"") | O63: =IF(R63="",0,10*LOG10(SUM(BG63:BL63)/(COUNT(R63,X63,AB63,AF63,AJ63,AN63)))) | P63: =IF(AND(Y63="",AC63="",AG63="",AK63="",AO63=""),S63,AVERAGE(S63,Y63,AC63,AG63,AK63,AO63)+STDEV(S63,Y63,AC63,AG63,AK63,AO63)) | Q63: 300 | R63: 86.6 | S63: 86.2 | T63: 103.7 | U63: 86.6 | V63: 89.1 | W63: 300 | X63: 87 | Y63: 86.5 | Z63: 103.1 | AA63: 300 | AB63: 86.8 | AC63: 86.2 | AD63: 111.1 | AE63: 300 | AF63: 86.6 | AG63: 86.2 | AH63: 111.1 | AI63: 300 | AJ63: 86.8 | AK63: 861 | AL63: 111.1 | AM63: 300 | AN63: 75.9 | AO63: 77.7 | AP63: 97.7 | AQ63: =IF(AND((O63)<85,N63<137),"NO","SI") | AR63: =IF((480*(10^(7.95-(O63/10))))<480,480*(10^(7.95-(O63/10))),480) | AS63: =IF((480*(10^(8.45-(O63/10))))<480,480*(10^(8.45-(O63/10))),480) | AT63: =IF((480*(10^(8.65-(O63/10))))<480,480*(10^(8.65-(O63/10))),480) | AU63: =IF(O63<80,"0",IF((P63-O63)<=2,('DPI art.191'!$G$3-(('DPI art.191'!$F$3-'DPI art.191'!$G$3)/4)*(P63-O63-2)),('DPI art.191'!$G$3-(('DPI art.191'!$G$3-'DPI art.191'!$H$3)/8)*(P63-O63-2)))) | AV63: =O63-AU63 | AW63: =IF(N63<135,N63,N63-'DPI art.191'!$I$3) | AX63: =IF(I63<80,"0",IF((J63-I63)<=2,('DPI art.191'!$G$7-(('DPI art.191'!$F$7-'DPI art.191'!$G$7)/4)*(I63-J63-2)),('DPI art.191'!$G$7-(('DPI art.191'!$G$7-'DPI art.191'!$H$7)/8)*(J63-I63-2)))) | AY63: =I63-AX63 | AZ63: =IF(H63<135,H63,H63-'DPI art.191'!$I$7) | BA63: =IF(O63<80,"0",IF((P63-O63)<=2,('DPI art.191'!$G$5-(('DPI art.191'!$F$5-'DPI art.191'!$G$5)/4)*(P63-O63-2)),('DPI art.191'!$G$5-(('DPI art.191'!$G$5-'DPI art.191'!$H$5)/8)*(P63-O63-2)))) | BB63: =R63-BA63 | BC63: =IF(N63<135,N63,N63-'DPI art.191'!$I$5) | BD63: =IF(O63<80,"0",IF((P63-O63)<=2,('DPI art.191'!$G$7-(('DPI art.191'!$F$7-'DPI art.191'!$G$7)/4)*(O63-P63-2)),('DPI art.191'!$G$7-(('DPI art.191'!$G$7-'DPI art.191'!$H$7)/8)*(P63-O63-2)))) | BE63: =O63-BD63 | BF63: =IF(N63<135,N63,N63-'DPI art.191'!$I$7) | BG63: =10^(0.1*R63) | BH63: =10^(0.1*X63) | BI63: =10^(0.1*AB63) | BJ63: =10^(0.1*AF63) | BK63: =10^(0.1*AJ63) | BL63: =10^(0.1*AN63) | BM63: =IF(R63>0,(O63-R63),"") | BN63: =IF(X63>0,(O63-X63),"") | BO63: =IF(AB63>0,(O63-AB63),"") | BP63: =IF(AF63>0,(O63-AF63),"") | BQ63: =IF(AJ63>0,(O63-AJ63),"") | BR63: =IF(AN63>0,(O63-AN63),"") | BS63: =COUNT(BM63:BR63) | BT63: =IF(BS63=0,0,IF(BS63=1,0,1/(BS63*(BS63-1)))) | BU63: =IF(R63>0,(BM63^2),"") | BV63: =IF(X63>0,(BN63^2),"") | BW63: =IF(AB63>0,(BO63^2),"") | BX63: =IF(AF63>0,(BP63^2),"") | BY63: =IF(AJ63>0,(BQ63^2),"") | BZ63: =IF(AN63>0,(BR63^2),"")
A64: 273/19 | B64: F2 | C64: Sega a nastro | D64: F.M.B | E64: SATURN + VHZ | F64: Taglio con sega a nastro | G64: 45996 | H64: Compito | I64: =IF((V64-R64)>3,"SI","") | J64: SI | M64: =IF(R64>0,(SQRT(BT64*(SUM(BU64:BZ64)))),"") | N64: =IF(T64>0,(MAX(T64,Z64,AD64,AH64,AL64,AP64))+SQRT(1.2^2+1^2),"") | O64: =IF(R64="",0,10*LOG10(SUM(BG64:BL64)/(COUNT(R64,X64,AB64,AF64,AJ64,AN64)))) | P64: =IF(AND(Y64="",AC64="",AG64="",AK64="",AO64=""),S64,AVERAGE(S64,Y64,AC64,AG64,AK64,AO64)+STDEV(S64,Y64,AC64,AG64,AK64,AO64)) | Q64: 300 | R64: 84.4 | S64: 83.7 | T64: 103.3 | U64: 84.4 | V64: 86.8 | W64: 300 | X64: 85.4 | Y64: 84.7 | Z64: 117.8 | AA64: 300 | AB64: 84.6 | AC64: 84 | AD64: 104.4 | AE64: 300 | AF64: 84.1 | AG64: 84.8 | AH64: 117.4 | AI64: 300 | AJ64: 80.3 | AK64: 79.9 | AL64: 103.2 | AM64: 300 | AN64: 78.8 | AO64: 78.2 | AP64: 103.8 | AQ64: =IF(AND((O64)<85,N64<137),"NO","SI") | AR64: =IF((480*(10^(7.95-(O64/10))))<480,480*(10^(7.95-(O64/10))),480) | AS64: =IF((480*(10^(8.45-(O64/10))))<480,480*(10^(8.45-(O64/10))),480) | AT64: =IF((480*(10^(8.65-(O64/10))))<480,480*(10^(8.65-(O64/10))),480) | AU64: =IF(O64<80,"0",IF((P64-O64)<=2,('DPI art.191'!$G$3-(('DPI art.191'!$F$3-'DPI art.191'!$G$3)/4)*(P64-O64-2)),('DPI art.191'!$G$3-(('DPI art.191'!$G$3-'DPI art.191'!$H$3)/8)*(P64-O64-2)))) | AV64: =O64-AU64 | AW64: =IF(N64<135,N64,N64-'DPI art.191'!$I$3) | AX64: =IF(I64<80,"0",IF((J64-I64)<=2,('DPI art.191'!$G$7-(('DPI art.191'!$F$7-'DPI art.191'!$G$7)/4)*(I64-J64-2)),('DPI art.191'!$G$7-(('DPI art.191'!$G$7-'DPI art.191'!$H$7)/8)*(J64-I64-2)))) | AY64: =I64-AX64 | AZ64: =IF(H64<135,H64,H64-'DPI art.191'!$I$7) | BA64: =IF(O64<80,"0",IF((P64-O64)<=2,('DPI art.191'!$G$5-(('DPI art.191'!$F$5-'DPI art.191'!$G$5)/4)*(P64-O64-2)),('DPI art.191'!$G$5-(('DPI art.191'!$G$5-'DPI art.191'!$H$5)/8)*(P64-O64-2)))) | BB64: =R64-BA64 | BC64: =IF(N64<135,N64,N64-'DPI art.191'!$I$5) | BD64: =IF(O64<80,"0",IF((P64-O64)<=2,('DPI art.191'!$G$7-(('DPI art.191'!$F$7-'DPI art.191'!$G$7)/4)*(O64-P64-2)),('DPI art.191'!$G$7-(('DPI art.191'!$G$7-'DPI art.191'!$H$7)/8)*(P64-O64-2)))) | BE64: =O64-BD64 | BF64: =IF(N64<135,N64,N64-'DPI art.191'!$I$7) | BG64: =10^(0.1*R64) | BH64: =10^(0.1*X64) | BI64: =10^(0.1*AB64) | BJ64: =10^(0.1*AF64) | BK64: =10^(0.1*AJ64) | BL64: =10^(0.1*AN64) | BM64: =IF(R64>0,(O64-R64),"") | BN64: =IF(X64>0,(O64-X64),"") | BO64: =IF(AB64>0,(O64-AB64),"") | BP64: =IF(AF64>0,(O64-AF64),"") | BQ64: =IF(AJ64>0,(O64-AJ64),"") | BR64: =IF(AN64>0,(O64-AN64),"") | BS64: =COUNT(BM64:BR64) | BT64: =IF(BS64=0,0,IF(BS64=1,0,1/(BS64*(BS64-1)))) | BU64: =IF(R64>0,(BM64^2),"") | BV64: =IF(X64>0,(BN64^2),"") | BW64: =IF(AB64>0,(BO64^2),"") | BX64: =IF(AF64>0,(BP64^2),"") | BY64: =IF(AJ64>0,(BQ64^2),"") | BZ64: =IF(AN64>0,(BR64^2),"")
A65: Gualdo 1 | B65: F3 | C65: Movimentazioni interne | D65: / | E65: / | F65: Movimentazioni interne | G65: 45996 | H65: Compito | I65: =IF((V65-R65)>3,"SI","") | J65: =IF((U65-R65)>3,"SI","") | M65: =IF(R65>0,(SQRT(BT65*(SUM(BU65:BZ65)))),"") | N65: =IF(T65>0,(MAX(T65,Z65,AD65,AH65,AL65,AP65))+SQRT(1.2^2+1^2),"") | O65: =IF(R65="",0,10*LOG10(SUM(BG65:BL65)/(COUNT(R65,X65,AB65,AF65,AJ65,AN65)))) | P65: =IF(AND(Y65="",AC65="",AG65="",AK65="",AO65=""),S65,AVERAGE(S65,Y65,AC65,AG65,AK65,AO65)+STDEV(S65,Y65,AC65,AG65,AK65,AO65)) | Q65: 300 | R65: 81.1 | S65: 83.9 | T65: 109.9 | U65: 81.2 | V65: 84.3 | W65: 300 | X65: 80.1 | Y65: 81.2 | Z65: 103.1 | AA65: 300 | AB65: 83.1 | AC65: 84.2 | AD65: 107.9 | AE65: 300 | AF65: 83.4 | AG65: 84.5 | AH65: 109.1 | AI65: 300 | AJ65: 81.2 | AK65: 81.8 | AL65: 108.5 | AM65: 300 | AN65: 82.6 | AO65: 83.8 | AP65: 111.2 | AQ65: =IF(AND((O65)<85,N65<137),"NO","SI") | AR65: =IF((480*(10^(7.95-(O65/10))))<480,480*(10^(7.95-(O65/10))),480) | AS65: =IF((480*(10^(8.45-(O65/10))))<480,480*(10^(8.45-(O65/10))),480) | AT65: =IF((480*(10^(8.65-(O65/10))))<480,480*(10^(8.65-(O65/10))),480) | AU65: =IF(O65<80,"0",IF((P65-O65)<=2,('DPI art.191'!$G$3-(('DPI art.191'!$F$3-'DPI art.191'!$G$3)/4)*(P65-O65-2)),('DPI art.191'!$G$3-(('DPI art.191'!$G$3-'DPI art.191'!$H$3)/8)*(P65-O65-2)))) | AV65: =O65-AU65 | AW65: =IF(N65<135,N65,N65-'DPI art.191'!$I$3) | AX65: =IF(I65<80,"0",IF((J65-I65)<=2,('DPI art.191'!$G$7-(('DPI art.191'!$F$7-'DPI art.191'!$G$7)/4)*(I65-J65-2)),('DPI art.191'!$G$7-(('DPI art.191'!$G$7-'DPI art.191'!$H$7)/8)*(J65-I65-2)))) | AY65: =I65-AX65 | AZ65: =IF(H65<135,H65,H65-'DPI art.191'!$I$7) | BA65: =IF(O65<80,"0",IF((P65-O65)<=2,('DPI art.191'!$G$5-(('DPI art.191'!$F$5-'DPI art.191'!$G$5)/4)*(P65-O65-2)),('DPI art.191'!$G$5-(('DPI art.191'!$G$5-'DPI art.191'!$H$5)/8)*(P65-O65-2)))) | BB65: =R65-BA65 | BC65: =IF(N65<135,N65,N65-'DPI art.191'!$I$5) | BD65: =IF(O65<80,"0",IF((P65-O65)<=2,('DPI art.191'!$G$7-(('DPI art.191'!$F$7-'DPI art.191'!$G$7)/4)*(O65-P65-2)),('DPI art.191'!$G$7-(('DPI art.191'!$G$7-'DPI art.191'!$H$7)/8)*(P65-O65-2)))) | BE65: =O65-BD65 | BF65: =IF(N65<135,N65,N65-'DPI art.191'!$I$7) | BG65: =10^(0.1*R65) | BH65: =10^(0.1*X65) | BI65: =10^(0.1*AB65) | BJ65: =10^(0.1*AF65) | BK65: =10^(0.1*AJ65) | BL65: =10^(0.1*AN65) | BM65: =IF(R65>0,(O65-R65),"") | BN65: =IF(X65>0,(O65-X65),"") | BO65: =IF(AB65>0,(O65-AB65),"") | BP65: =IF(AF65>0,(O65-AF65),"") | BQ65: =IF(AJ65>0,(O65-AJ65),"") | BR65: =IF(AN65>0,(O65-AN65),"") | BS65: =COUNT(BM65:BR65) | BT65: =IF(BS65=0,0,IF(BS65=1,0,1/(BS65*(BS65-1)))) | BU65: =IF(R65>0,(BM65^2),"") | BV65: =IF(X65>0,(BN65^2),"") | BW65: =IF(AB65>0,(BO65^2),"") | BX65: =IF(AF65>0,(BP65^2),"") | BY65: =IF(AJ65>0,(BQ65^2),"") | BZ65: =IF(AN65>0,(BR65^2),"")
A66: 266/01 | B66: F4 | C66: Pressa | D66: PARESA | E66: 800 t | F66: Pressa | G66: 45996 | H66: Compito | I66: =IF((V66-R66)>3,"SI","") | J66: SI | M66: =IF(R66>0,(SQRT(BT66*(SUM(BU66:BZ66)))),"") | N66: =IF(T66>0,(MAX(T66,Z66,AD66,AH66,AL66,AP66))+SQRT(1.2^2+1^2),"") | O66: =IF(R66="",0,10*LOG10(SUM(BG66:BL66)/(COUNT(R66,X66,AB66,AF66,AJ66,AN66)))) | P66: =IF(AND(Y66="",AC66="",AG66="",AK66="",AO66=""),S66,AVERAGE(S66,Y66,AC66,AG66,AK66,AO66)+STDEV(S66,Y66,AC66,AG66,AK66,AO66)) | Q66: 300 | R66: 83.5 | S66: 83.8 | T66: 105.2 | U66: 83.5 | V66: 85.4 | W66: 300 | X66: 82.4 | Y66: 84.9 | Z66: 112 | AA66: 300 | AB66: 83.5 | AC66: 86 | AD66: 115.9 | AE66: 300 | AF66: 86.1 | AG66: 88.4 | AH66: 120.8 | AI66: 300 | AJ66: 87.1 | AK66: 87.2 | AL66: 110.9 | AM66: 300 | AN66: 87.1 | AO66: 87.4 | AP66: 111.2 | AQ66: =IF(AND((O66)<85,N66<137),"NO","SI") | AR66: =IF((480*(10^(7.95-(O66/10))))<480,480*(10^(7.95-(O66/10))),480) | AS66: =IF((480*(10^(8.45-(O66/10))))<480,480*(10^(8.45-(O66/10))),480) | AT66: =IF((480*(10^(8.65-(O66/10))))<480,480*(10^(8.65-(O66/10))),480) | AU66: =IF(O66<80,"0",IF((P66-O66)<=2,('DPI art.191'!$G$3-(('DPI art.191'!$F$3-'DPI art.191'!$G$3)/4)*(P66-O66-2)),('DPI art.191'!$G$3-(('DPI art.191'!$G$3-'DPI art.191'!$H$3)/8)*(P66-O66-2)))) | AV66: =O66-AU66 | AW66: =IF(N66<135,N66,N66-'DPI art.191'!$I$3) | AX66: =IF(I66<80,"0",IF((J66-I66)<=2,('DPI art.191'!$G$7-(('DPI art.191'!$F$7-'DPI art.191'!$G$7)/4)*(I66-J66-2)),('DPI art.191'!$G$7-(('DPI art.191'!$G$7-'DPI art.191'!$H$7)/8)*(J66-I66-2)))) | AY66: =I66-AX66 | AZ66: =IF(H66<135,H66,H66-'DPI art.191'!$I$7) | BA66: =IF(O66<80,"0",IF((P66-O66)<=2,('DPI art.191'!$G$5-(('DPI art.191'!$F$5-'DPI art.191'!$G$5)/4)*(P66-O66-2)),('DPI art.191'!$G$5-(('DPI art.191'!$G$5-'DPI art.191'!$H$5)/8)*(P66-O66-2)))) | BB66: =R66-BA66 | BC66: =IF(N66<135,N66,N66-'DPI art.191'!$I$5) | BD66: =IF(O66<80,"0",IF((P66-O66)<=2,('DPI art.191'!$G$7-(('DPI art.191'!$F$7-'DPI art.191'!$G$7)/4)*(O66-P66-2)),('DPI art.191'!$G$7-(('DPI art.191'!$G$7-'DPI art.191'!$H$7)/8)*(P66-O66-2)))) | BE66: =O66-BD66 | BF66: =IF(N66<135,N66,N66-'DPI art.191'!$I$7) | BG66: =10^(0.1*R66) | BH66: =10^(0.1*X66) | BI66: =10^(0.1*AB66) | BJ66: =10^(0.1*AF66) | BK66: =10^(0.1*AJ66) | BL66: =10^(0.1*AN66) | BM66: =IF(R66>0,(O66-R66),"") | BN66: =IF(X66>0,(O66-X66),"") | BO66: =IF(AB66>0,(O66-AB66),"") | BP66: =IF(AF66>0,(O66-AF66),"") | BQ66: =IF(AJ66>0,(O66-AJ66),"") | BR66: =IF(AN66>0,(O66-AN66),"") | BS66: =COUNT(BM66:BR66) | BT66: =IF(BS66=0,0,IF(BS66=1,0,1/(BS66*(BS66-1)))) | BU66: =IF(R66>0,(BM66^2),"") | BV66: =IF(X66>0,(BN66^2),"") | BW66: =IF(AB66>0,(BO66^2),"") | BX66: =IF(AF66>0,(BP66^2),"") | BY66: =IF(AJ66>0,(BQ66^2),"") | BZ66: =IF(AN66>0,(BR66^2),"")
A67: Gualdo 1 | B67: F5 | C67: Ufficio tecnico interno produzione | D67: / | E67: / | F67: Attività ufficio tecnico interno produzione | G67: 45996 | H67: Compito | J67: =IF((U67-R67)>3,"SI","") | M67: =IF(R67>0,(SQRT(BT67*(SUM(BU67:BZ67)))),"") | N67: =IF(T67>0,(MAX(T67,Z67,AD67,AH67,AL67,AP67))+SQRT(1.2^2+1^2),"") | O67: =IF(R67="",0,10*LOG10(SUM(BG67:BL67)/(COUNT(R67,X67,AB67,AF67,AJ67,AN67)))) | P67: =IF(AND(Y67="",AC67="",AG67="",AK67="",AO67=""),S67,AVERAGE(S67,Y67,AC67,AG67,AK67,AO67)+STDEV(S67,Y67,AC67,AG67,AK67,AO67)) | Q67: 300 | R67: 48.9 | S67: 69.2 | T67: 90.5 | U67: 54.1 | V67: 65.9 | W67: 300 | X67: 48.1 | Y67: 65.9 | Z67: 87.4 | AA67: 300 | AB67: 46.5 | AC67: 66.6 | AD67: 87.1 | AE67: 300 | AF67: 47.6 | AG67: 64.2 | AH67: 83.9 | AI67: 300 | AJ67: 49.2 | AK67: 66.1 | AL67: 84.3 | AM67: 300 | AN67: 66.9 | AO67: 76.8 | AP67: 110.1 | AQ67: =IF(AND((O67)<85,N67<137),"NO","SI") | AR67: =IF((480*(10^(7.95-(O67/10))))<480,480*(10^(7.95-(O67/10))),480) | AS67: =IF((480*(10^(8.45-(O67/10))))<480,480*(10^(8.45-(O67/10))),480) | AT67: =IF((480*(10^(8.65-(O67/10))))<480,480*(10^(8.65-(O67/10))),480) | AU67: =IF(O67<80,"0",IF((P67-O67)<=2,('DPI art.191'!$G$3-(('DPI art.191'!$F$3-'DPI art.191'!$G$3)/4)*(P67-O67-2)),('DPI art.191'!$G$3-(('DPI art.191'!$G$3-'DPI art.191'!$H$3)/8)*(P67-O67-2)))) | AV67: =O67-AU67 | AW67: =IF(N67<135,N67,N67-'DPI art.191'!$I$3) | AX67: =IF(I67<80,"0",IF((J67-I67)<=2,('DPI art.191'!$G$7-(('DPI art.191'!$F$7-'DPI art.191'!$G$7)/4)*(I67-J67-2)),('DPI art.191'!$G$7-(('DPI art.191'!$G$7-'DPI art.191'!$H$7)/8)*(J67-I67-2)))) | AY67: =I67-AX67 | AZ67: =IF(H67<135,H67,H67-'DPI art.191'!$I$7) | BA67: =IF(O67<80,"0",IF((P67-O67)<=2,('DPI art.191'!$G$5-(('DPI art.191'!$F$5-'DPI art.191'!$G$5)/4)*(P67-O67-2)),('DPI art.191'!$G$5-(('DPI art.191'!$G$5-'DPI art.191'!$H$5)/8)*(P67-O67-2)))) | BB67: =R67-BA67 | BC67: =IF(N67<135,N67,N67-'DPI art.191'!$I$5) | BD67: =IF(O67<80,"0",IF((P67-O67)<=2,('DPI art.191'!$G$7-(('DPI art.191'!$F$7-'DPI art.191'!$G$7)/4)*(O67-P67-2)),('DPI art.191'!$G$7-(('DPI art.191'!$G$7-'DPI art.191'!$H$7)/8)*(P67-O67-2)))) | BE67: =O67-BD67 | BF67: =IF(N67<135,N67,N67-'DPI art.191'!$I$7) | BG67: =10^(0.1*R67) | BH67: =10^(0.1*X67) | BI67: =10^(0.1*AB67) | BJ67: =10^(0.1*AF67) | BK67: =10^(0.1*AJ67) | BL67: =10^(0.1*AN67) | BM67: =IF(R67>0,(O67-R67),"") | BN67: =IF(X67>0,(O67-X67),"") | BO67: =IF(AB67>0,(O67-AB67),"") | BP67: =IF(AF67>0,(O67-AF67),"") | BQ67: =IF(AJ67>0,(O67-AJ67),"") | BR67: =IF(AN67>0,(O67-AN67),"") | BS67: =COUNT(BM67:BR67) | BT67: =IF(BS67=0,0,IF(BS67=1,0,1/(BS67*(BS67-1)))) | BU67: =IF(R67>0,(BM67^2),"") | BV67: =IF(X67>0,(BN67^2),"") | BW67: =IF(AB67>0,(BO67^2),"") | BX67: =IF(AF67>0,(BP67^2),"") | BY67: =IF(AJ67>0,(BQ67^2),"") | BZ67: =IF(AN67>0,(BR67^2),"")
A68: 260/05 | B68: F6 | C68: Pantografo CN | D68: ESAB | E68: SXE-P2 4500 - 2500 x 21000 mm | F68: Scarico perzzi da pantografo | G68: 45996 | H68: Compito | I68: =IF((V68-R68)>3,"SI","") | J68: =IF((U68-R68)>3,"SI","") | M68: =IF(R68>0,(SQRT(BT68*(SUM(BU68:BZ68)))),"") | N68: =IF(T68>0,(MAX(T68,Z68,AD68,AH68,AL68,AP68))+SQRT(1.2^2+1^2),"") | O68: =IF(R68="",0,10*LOG10(SUM(BG68:BL68)/(COUNT(R68,X68,AB68,AF68,AJ68,AN68)))) | P68: =IF(AND(Y68="",AC68="",AG68="",AK68="",AO68=""),S68,AVERAGE(S68,Y68,AC68,AG68,AK68,AO68)+STDEV(S68,Y68,AC68,AG68,AK68,AO68)) | Q68: 300 | R68: 82.4 | S68: 83.9 | T68: 112.4 | U68: 82.4 | V68: 86.3 | W68: 300 | X68: 78.2 | Y68: 80.7 | Z68: 103 | AA68: 300 | AB68: 75.6 | AC68: 79.3 | AD68: 104.4 | AE68: 300 | AF68: 78.9 | AG68: 81.5 | AH68: 103.1 | AI68: 300 | AJ68: 79.7 | AK68: 82.1 | AL68: 103.7 | AM68: 300 | AN68: 78.1 | AO68: 80.6 | AP68: 103.5 | AQ68: =IF(AND((O68)<85,N68<137),"NO","SI") | AR68: =IF((480*(10^(7.95-(O68/10))))<480,480*(10^(7.95-(O68/10))),480) | AS68: =IF((480*(10^(8.45-(O68/10))))<480,480*(10^(8.45-(O68/10))),480) | AT68: =IF((480*(10^(8.65-(O68/10))))<480,480*(10^(8.65-(O68/10))),480) | AU68: =IF(O68<80,"0",IF((P68-O68)<=2,('DPI art.191'!$G$3-(('DPI art.191'!$F$3-'DPI art.191'!$G$3)/4)*(P68-O68-2)),('DPI art.191'!$G$3-(('DPI art.191'!$G$3-'DPI art.191'!$H$3)/8)*(P68-O68-2)))) | AV68: =O68-AU68 | AW68: =IF(N68<135,N68,N68-'DPI art.191'!$I$3) | AX68: =IF(I68<80,"0",IF((J68-I68)<=2,('DPI art.191'!$G$7-(('DPI art.191'!$F$7-'DPI art.191'!$G$7)/4)*(I68-J68-2)),('DPI art.191'!$G$7-(('DPI art.191'!$G$7-'DPI art.191'!$H$7)/8)*(J68-I68-2)))) | AY68: =I68-AX68 | AZ68: =IF(H68<135,H68,H68-'DPI art.191'!$I$7) | BA68: =IF(O68<80,"0",IF((P68-O68)<=2,('DPI art.191'!$G$5-(('DPI art.191'!$F$5-'DPI art.191'!$G$5)/4)*(P68-O68-2)),('DPI art.191'!$G$5-(('DPI art.191'!$G$5-'DPI art.191'!$H$5)/8)*(P68-O68-2)))) | BB68: =R68-BA68 | BC68: =IF(N68<135,N68,N68-'DPI art.191'!$I$5) | BD68: =IF(O68<80,"0",IF((P68-O68)<=2,('DPI art.191'!$G$7-(('DPI art.191'!$F$7-'DPI art.191'!$G$7)/4)*(O68-P68-2)),('DPI art.191'!$G$7-(('DPI art.191'!$G$7-'DPI art.191'!$H$7)/8)*(P68-O68-2)))) | BE68: =O68-BD68 | BF68: =IF(N68<135,N68,N68-'DPI art.191'!$I$7) | BG68: =10^(0.1*R68) | BH68: =10^(0.1*X68) | BI68: =10^(0.1*AB68) | BJ68: =10^(0.1*AF68) | BK68: =10^(0.1*AJ68) | BL68: =10^(0.1*AN68) | BM68: =IF(R68>0,(O68-R68),"") | BN68: =IF(X68>0,(O68-X68),"") | BO68: =IF(AB68>0,(O68-AB68),"") | BP68: =IF(AF68>0,(O68-AF68),"") | BQ68: =IF(AJ68>0,(O68-AJ68),"") | BR68: =IF(AN68>0,(O68-AN68),"") | BS68: =COUNT(BM68:BR68) | BT68: =IF(BS68=0,0,IF(BS68=1,0,1/(BS68*(BS68-1)))) | BU68: =IF(R68>0,(BM68^2),"") | BV68: =IF(X68>0,(BN68^2),"") | BW68: =IF(AB68>0,(BO68^2),"") | BX68: =IF(AF68>0,(BP68^2),"") | BY68: =IF(AJ68>0,(BQ68^2),"") | BZ68: =IF(AN68>0,(BR68^2),"")
A69: 262/01 | B69: F7 | C69: Piegatrice | D69: ERMAKSAN | E69: CNCAP 6100-400 - 6000 x 15mm | F69: Piegatura | G69: 45996 | H69: Compito | I69: =IF((V69-R69)>3,"SI","") | J69: =IF((U69-R69)>3,"SI","") | M69: =IF(R69>0,(SQRT(BT69*(SUM(BU69:BZ69)))),"") | N69: =IF(T69>0,(MAX(T69,Z69,AD69,AH69,AL69,AP69))+SQRT(1.2^2+1^2),"") | O69: =IF(R69="",0,10*LOG10(SUM(BG69:BL69)/(COUNT(R69,X69,AB69,AF69,AJ69,AN69)))) | P69: =IF(AND(Y69="",AC69="",AG69="",AK69="",AO69=""),S69,AVERAGE(S69,Y69,AC69,AG69,AK69,AO69)+STDEV(S69,Y69,AC69,AG69,AK69,AO69)) | Q69: 300 | R69: 82.4 | S69: 82.5 | T69: 99.8 | U69: 83.5 | V69: 87.6 | W69: 300 | X69: 81.7 | Y69: 83.1 | Z69: 106.8 | AA69: 300 | AB69: 83.4 | AC69: 84 | AD69: 105 | AE69: 300 | AF69: 83.6 | AG69: 84 | AH69: 109.5 | AI69: 300 | AJ69: 84 | AK69: 84.5 | AL69: 115.1 | AM69: 300 | AN69: 83.3 | AO69: 83.5 | AP69: 108.8 | AQ69: =IF(AND((O69)<85,N69<137),"NO","SI") | AR69: =IF((480*(10^(7.95-(O69/10))))<480,480*(10^(7.95-(O69/10))),480) | AS69: =IF((480*(10^(8.45-(O69/10))))<480,480*(10^(8.45-(O69/10))),480) | AT69: =IF((480*(10^(8.65-(O69/10))))<480,480*(10^(8.65-(O69/10))),480) | AU69: =IF(O69<80,"0",IF((P69-O69)<=2,('DPI art.191'!$G$3-(('DPI art.191'!$F$3-'DPI art.191'!$G$3)/4)*(P69-O69-2)),('DPI art.191'!$G$3-(('DPI art.191'!$G$3-'DPI art.191'!$H$3)/8)*(P69-O69-2)))) | AV69: =O69-AU69 | AW69: =IF(N69<135,N69,N69-'DPI art.191'!$I$3) | AX69: =IF(I69<80,"0",IF((J69-I69)<=2,('DPI art.191'!$G$7-(('DPI art.191'!$F$7-'DPI art.191'!$G$7)/4)*(I69-J69-2)),('DPI art.191'!$G$7-(('DPI art.191'!$G$7-'DPI art.191'!$H$7)/8)*(J69-I69-2)))) | AY69: =I69-AX69 | AZ69: =IF(H69<135,H69,H69-'DPI art.191'!$I$7) | BA69: =IF(O69<80,"0",IF((P69-O69)<=2,('DPI art.191'!$G$5-(('DPI art.191'!$F$5-'DPI art.191'!$G$5)/4)*(P69-O69-2)),('DPI art.191'!$G$5-(('DPI art.191'!$G$5-'DPI art.191'!$H$5)/8)*(P69-O69-2)))) | BB69: =R69-BA69 | BC69: =IF(N69<135,N69,N69-'DPI art.191'!$I$5) | BD69: =IF(O69<80,"0",IF((P69-O69)<=2,('DPI art.191'!$G$7-(('DPI art.191'!$F$7-'DPI art.191'!$G$7)/4)*(O69-P69-2)),('DPI art.191'!$G$7-(('DPI art.191'!$G$7-'DPI art.191'!$H$7)/8)*(P69-O69-2)))) | BE69: =O69-BD69 | BF69: =IF(N69<135,N69,N69-'DPI art.191'!$I$7) | BG69: =10^(0.1*R69) | BH69: =10^(0.1*X69) | BI69: =10^(0.1*AB69) | BJ69: =10^(0.1*AF69) | BK69: =10^(0.1*AJ69) | BL69: =10^(0.1*AN69) | BM69: =IF(R69>0,(O69-R69),"") | BN69: =IF(X69>0,(O69-X69),"") | BO69: =IF(AB69>0,(O69-AB69),"") | BP69: =IF(AF69>0,(O69-AF69),"") | BQ69: =IF(AJ69>0,(O69-AJ69),"") | BR69: =IF(AN69>0,(O69-AN69),"") | BS69: =COUNT(BM69:BR69) | BT69: =IF(BS69=0,0,IF(BS69=1,0,1/(BS69*(BS69-1)))) | BU69: =IF(R69>0,(BM69^2),"") | BV69: =IF(X69>0,(BN69^2),"") | BW69: =IF(AB69>0,(BO69^2),"") | BX69: =IF(AF69>0,(BP69^2),"") | BY69: =IF(AJ69>0,(BQ69^2),"") | BZ69: =IF(AN69>0,(BR69^2),"")
A70: 024/B/PRS757 | B70: F8 | C70: Saldatrice a filo | D70: MILLER | E70: Pipeworx 400 Power - Pipeworx Dual Bench Feeder | F70: Saldatura | G70: 45996 | H70: Compito | I70: =IF((V70-R70)>3,"SI","") | J70: =IF((U70-R70)>3,"SI","") | M70: =IF(R70>0,(SQRT(BT70*(SUM(BU70:BZ70)))),"") | N70: =IF(T70>0,(MAX(T70,Z70,AD70,AH70,AL70,AP70))+SQRT(1.2^2+1^2),"") | O70: =IF(R70="",0,10*LOG10(SUM(BG70:BL70)/(COUNT(R70,X70,AB70,AF70,AJ70,AN70)))) | P70: =IF(AND(Y70="",AC70="",AG70="",AK70="",AO70=""),S70,AVERAGE(S70,Y70,AC70,AG70,AK70,AO70)+STDEV(S70,Y70,AC70,AG70,AK70,AO70)) | Q70: 300 | R70: 89.3 | S70: 88.5 | T70: 126.1 | U70: 89.4 | V70: 97.7 | W70: 300 | X70: 96.6 | Y70: 95.8 | Z70: 134.8 | AA70: 300 | AB70: 82.5 | AC70: 83.2 | AD70: 116.1 | AE70: 300 | AF70: 82.6 | AG70: 82.9 | AH70: 112.9 | AI70: 300 | AJ70: 92.1 | AK70: 91.3 | AL70: 128.4 | AM70: 300 | AN70: 82 | AO70: 82.9 | AP70: 114 | AQ70: =IF(AND((O70)<85,N70<137),"NO","SI") | AR70: =IF((480*(10^(7.95-(O70/10))))<480,480*(10^(7.95-(O70/10))),480) | AS70: =IF((480*(10^(8.45-(O70/10))))<480,480*(10^(8.45-(O70/10))),480) | AT70: =IF((480*(10^(8.65-(O70/10))))<480,480*(10^(8.65-(O70/10))),480) | AU70: =IF(O70<80,"0",IF((P70-O70)<=2,('DPI art.191'!$G$3-(('DPI art.191'!$F$3-'DPI art.191'!$G$3)/4)*(P70-O70-2)),('DPI art.191'!$G$3-(('DPI art.191'!$G$3-'DPI art.191'!$H$3)/8)*(P70-O70-2)))) | AV70: =O70-AU70 | AW70: =IF(N70<135,N70,N70-'DPI art.191'!$I$3) | AX70: =IF(I70<80,"0",IF((J70-I70)<=2,('DPI art.191'!$G$7-(('DPI art.191'!$F$7-'DPI art.191'!$G$7)/4)*(I70-J70-2)),('DPI art.191'!$G$7-(('DPI art.191'!$G$7-'DPI art.191'!$H$7)/8)*(J70-I70-2)))) | AY70: =I70-AX70 | AZ70: =IF(H70<135,H70,H70-'DPI art.191'!$I$7) | BA70: =IF(O70<80,"0",IF((P70-O70)<=2,('DPI art.191'!$G$5-(('DPI art.191'!$F$5-'DPI art.191'!$G$5)/4)*(P70-O70-2)),('DPI art.191'!$G$5-(('DPI art.191'!$G$5-'DPI art.191'!$H$5)/8)*(P70-O70-2)))) | BB70: =R70-BA70 | BC70: =IF(N70<135,N70,N70-'DPI art.191'!$I$5) | BD70: =IF(O70<80,"0",IF((P70-O70)<=2,('DPI art.191'!$G$7-(('DPI art.191'!$F$7-'DPI art.191'!$G$7)/4)*(O70-P70-2)),('DPI art.191'!$G$7-(('DPI art.191'!$G$7-'DPI art.191'!$H$7)/8)*(P70-O70-2)))) | BE70: =O70-BD70 | BF70: =IF(N70<135,N70,N70-'DPI art.191'!$I$7) | BG70: =10^(0.1*R70) | BH70: =10^(0.1*X70) | BI70: =10^(0.1*AB70) | BJ70: =10^(0.1*AF70) | BK70: =10^(0.1*AJ70) | BL70: =10^(0.1*AN70) | BM70: =IF(R70>0,(O70-R70),"") | BN70: =IF(X70>0,(O70-X70),"") | BO70: =IF(AB70>0,(O70-AB70),"") | BP70: =IF(AF70>0,(O70-AF70),"") | BQ70: =IF(AJ70>0,(O70-AJ70),"") | BR70: =IF(AN70>0,(O70-AN70),"") | BS70: =COUNT(BM70:BR70) | BT70: =IF(BS70=0,0,IF(BS70=1,0,1/(BS70*(BS70-1)))) | BU70: =IF(R70>0,(BM70^2),"") | BV70: =IF(X70>0,(BN70^2),"") | BW70: =IF(AB70>0,(BO70^2),"") | BX70: =IF(AF70>0,(BP70^2),"") | BY70: =IF(AJ70>0,(BQ70^2),"") | BZ70: =IF(AN70>0,(BR70^2),"")
A71: Gualdo 1 | B71: F9 | C71: Movimentazioni esterne in prossimità di autogru | D71: / | E71: / | F71: Assistenza alle movimentazioni esterne in prossimità di autogru | G71: 45996 | H71: Compito | I71: =IF((V71-R71)>3,"SI","") | J71: SI | M71: =IF(R71>0,(SQRT(BT71*(SUM(BU71:BZ71)))),"") | N71: =IF(T71>0,(MAX(T71,Z71,AD71,AH71,AL71,AP71))+SQRT(1.2^2+1^2),"") | O71: =IF(R71="",0,10*LOG10(SUM(BG71:BL71)/(COUNT(R71,X71,AB71,AF71,AJ71,AN71)))) | P71: =IF(AND(Y71="",AC71="",AG71="",AK71="",AO71=""),S71,AVERAGE(S71,Y71,AC71,AG71,AK71,AO71)+STDEV(S71,Y71,AC71,AG71,AK71,AO71)) | Q71: 300 | R71: 80 | S71: 81 | T71: 95.5 | U71: 66.1 | V71: 70.4 | W71: 300 | X71: 78.5 | Y71: 87.8 | Z71: 119.4 | AA71: 300 | AB71: 83 | AC71: 92.6 | AD71: 109.9 | AE71: 300 | AF71: 81.8 | AG71: 91.8 | AH71: 113.1 | AI71: 300 | AJ71: 83.7 | AK71: 93.5 | AL71: 107.8 | AM71: 300 | AN71: 84 | AO71: 94.1 | AP71: 115.4 | AQ71: =IF(AND((O71)<85,N71<137),"NO","SI") | AR71: =IF((480*(10^(7.95-(O71/10))))<480,480*(10^(7.95-(O71/10))),480) | AS71: =IF((480*(10^(8.45-(O71/10))))<480,480*(10^(8.45-(O71/10))),480) | AT71: =IF((480*(10^(8.65-(O71/10))))<480,480*(10^(8.65-(O71/10))),480) | AU71: =IF(O71<80,"0",IF((P71-O71)<=2,('DPI art.191'!$G$3-(('DPI art.191'!$F$3-'DPI art.191'!$G$3)/4)*(P71-O71-2)),('DPI art.191'!$G$3-(('DPI art.191'!$G$3-'DPI art.191'!$H$3)/8)*(P71-O71-2)))) | AV71: =O71-AU71 | AW71: =IF(N71<135,N71,N71-'DPI art.191'!$I$3) | AX71: =IF(I71<80,"0",IF((J71-I71)<=2,('DPI art.191'!$G$7-(('DPI art.191'!$F$7-'DPI art.191'!$G$7)/4)*(I71-J71-2)),('DPI art.191'!$G$7-(('DPI art.191'!$G$7-'DPI art.191'!$H$7)/8)*(J71-I71-2)))) | AY71: =I71-AX71 | AZ71: =IF(H71<135,H71,H71-'DPI art.191'!$I$7) | BA71: =IF(O71<80,"0",IF((P71-O71)<=2,('DPI art.191'!$G$5-(('DPI art.191'!$F$5-'DPI art.191'!$G$5)/4)*(P71-O71-2)),('DPI art.191'!$G$5-(('DPI art.191'!$G$5-'DPI art.191'!$H$5)/8)*(P71-O71-2)))) | BB71: =R71-BA71 | BC71: =IF(N71<135,N71,N71-'DPI art.191'!$I$5) | BD71: =IF(O71<80,"0",IF((P71-O71)<=2,('DPI art.191'!$G$7-(('DPI art.191'!$F$7-'DPI art.191'!$G$7)/4)*(O71-P71-2)),('DPI art.191'!$G$7-(('DPI art.191'!$G$7-'DPI art.191'!$H$7)/8)*(P71-O71-2)))) | BE71: =O71-BD71 | BF71: =IF(N71<135,N71,N71-'DPI art.191'!$I$7) | BG71: =10^(0.1*R71) | BH71: =10^(0.1*X71) | BI71: =10^(0.1*AB71) | BJ71: =10^(0.1*AF71) | BK71: =10^(0.1*AJ71) | BL71: =10^(0.1*AN71) | BM71: =IF(R71>0,(O71-R71),"") | BN71: =IF(X71>0,(O71-X71),"") | BO71: =IF(AB71>0,(O71-AB71),"") | BP71: =IF(AF71>0,(O71-AF71),"") | BQ71: =IF(AJ71>0,(O71-AJ71),"") | BR71: =IF(AN71>0,(O71-AN71),"") | BS71: =COUNT(BM71:BR71) | BT71: =IF(BS71=0,0,IF(BS71=1,0,1/(BS71*(BS71-1)))) | BU71: =IF(R71>0,(BM71^2),"") | BV71: =IF(X71>0,(BN71^2),"") | BW71: =IF(AB71>0,(BO71^2),"") | BX71: =IF(AF71>0,(BP71^2),"") | BY71: =IF(AJ71>0,(BQ71^2),"") | BZ71: =IF(AN71>0,(BR71^2),"")
A72: Gualdo 1 | B72: F10 | C72: Box esterno pausa ristoro | D72: / | E72: / | F72: Box esterno pausa ristoro | G72: 45996 | H72: Compito | I72: =IF((V72-R72)>3,"SI","") | J72: =IF((U72-R72)>3,"SI","") | M72: =IF(R72>0,(SQRT(BT72*(SUM(BU72:BZ72)))),"") | N72: =IF(T72>0,(MAX(T72,Z72,AD72,AH72,AL72,AP72))+SQRT(1.2^2+1^2),"") | O72: =IF(R72="",0,10*LOG10(SUM(BG72:BL72)/(COUNT(R72,X72,AB72,AF72,AJ72,AN72)))) | P72: =IF(AND(Y72="",AC72="",AG72="",AK72="",AO72=""),S72,AVERAGE(S72,Y72,AC72,AG72,AK72,AO72)+STDEV(S72,Y72,AC72,AG72,AK72,AO72)) | Q72: 300 | R72: 79.7 | S72: 82.5 | T72: 107.8 | U72: 79.8 | V72: 86.4 | W72: 300 | X72: 72.2 | Y72: 78 | Z72: 100.2 | AA72: 300 | AB72: 70.1 | AC72: 74.4 | AD72: 99.4 | AE72: 300 | AF72: 71 | AG72: 75.1 | AH72: 104.2 | AI72: 300 | AJ72: 74.6 | AK72: 77.7 | AL72: 108.4 | AM72: 300 | AN72: 71.2 | AO72: 74.9 | AP72: 97.6 | AQ72: =IF(AND((O72)<85,N72<137),"NO","SI") | AR72: =IF((480*(10^(7.95-(O72/10))))<480,480*(10^(7.95-(O72/10))),480) | AS72: =IF((480*(10^(8.45-(O72/10))))<480,480*(10^(8.45-(O72/10))),480) | AT72: =IF((480*(10^(8.65-(O72/10))))<480,480*(10^(8.65-(O72/10))),480) | AU72: =IF(O72<80,"0",IF((P72-O72)<=2,('DPI art.191'!$G$3-(('DPI art.191'!$F$3-'DPI art.191'!$G$3)/4)*(P72-O72-2)),('DPI art.191'!$G$3-(('DPI art.191'!$G$3-'DPI art.191'!$H$3)/8)*(P72-O72-2)))) | AV72: =O72-AU72 | AW72: =IF(N72<135,N72,N72-'DPI art.191'!$I$3) | AX72: =IF(I72<80,"0",IF((J72-I72)<=2,('DPI art.191'!$G$7-(('DPI art.191'!$F$7-'DPI art.191'!$G$7)/4)*(I72-J72-2)),('DPI art.191'!$G$7-(('DPI art.191'!$G$7-'DPI art.191'!$H$7)/8)*(J72-I72-2)))) | AY72: =I72-AX72 | AZ72: =IF(H72<135,H72,H72-'DPI art.191'!$I$7) | BA72: =IF(O72<80,"0",IF((P72-O72)<=2,('DPI art.191'!$G$5-(('DPI art.191'!$F$5-'DPI art.191'!$G$5)/4)*(P72-O72-2)),('DPI art.191'!$G$5-(('DPI art.191'!$G$5-'DPI art.191'!$H$5)/8)*(P72-O72-2)))) | BB72: =R72-BA72 | BC72: =IF(N72<135,N72,N72-'DPI art.191'!$I$5) | BD72: =IF(O72<80,"0",IF((P72-O72)<=2,('DPI art.191'!$G$7-(('DPI art.191'!$F$7-'DPI art.191'!$G$7)/4)*(O72-P72-2)),('DPI art.191'!$G$7-(('DPI art.191'!$G$7-'DPI art.191'!$H$7)/8)*(P72-O72-2)))) | BE72: =O72-BD72 | BF72: =IF(N72<135,N72,N72-'DPI art.191'!$I$7) | BG72: =10^(0.1*R72) | BH72: =10^(0.1*X72) | BI72: =10^(0.1*AB72) | BJ72: =10^(0.1*AF72) | BK72: =10^(0.1*AJ72) | BL72: =10^(0.1*AN72) | BM72: =IF(R72>0,(O72-R72),"") | BN72: =IF(X72>0,(O72-X72),"") | BO72: =IF(AB72>0,(O72-AB72),"") | BP72: =IF(AF72>0,(O72-AF72),"") | BQ72: =IF(AJ72>0,(O72-AJ72),"") | BR72: =IF(AN72>0,(O72-AN72),"") | BS72: =COUNT(BM72:BR72) | BT72: =IF(BS72=0,0,IF(BS72=1,0,1/(BS72*(BS72-1)))) | BU72: =IF(R72>0,(BM72^2),"") | BV72: =IF(X72>0,(BN72^2),"") | BW72: =IF(AB72>0,(BO72^2),"") | BX72: =IF(AF72>0,(BP72^2),"") | BY72: =IF(AJ72>0,(BQ72^2),"") | BZ72: =IF(AN72>0,(BR72^2),"")
A73: 037/ED14 | B73: F11 | C73: Gru a torre | D73: TEREX-COMEDIL | E73: CTT 141/A | F73: Movimentazioni in piazzale esterno con gru a torre | G73: 45996 | H73: Compito | I73: =IF((V73-R73)>3,"SI","") | J73: =IF((U73-R73)>3,"SI","") | M73: =IF(R73>0,(SQRT(BT73*(SUM(BU73:BZ73)))),"") | N73: =IF(T73>0,(MAX(T73,Z73,AD73,AH73,AL73,AP73))+SQRT(1.2^2+1^2),"") | O73: =IF(R73="",0,10*LOG10(SUM(BG73:BL73)/(COUNT(R73,X73,AB73,AF73,AJ73,AN73)))) | P73: =IF(AND(Y73="",AC73="",AG73="",AK73="",AO73=""),S73,AVERAGE(S73,Y73,AC73,AG73,AK73,AO73)+STDEV(S73,Y73,AC73,AG73,AK73,AO73)) | Q73: 300 | R73: 62.8 | S73: 70.5 | T73: 98.2 | U73: 62.7 | V73: 69.6 | W73: 300 | X73: 64.2 | Y73: 71.9 | Z73: 91.7 | AA73: 300 | AB73: 59.9 | AC73: 67.7 | AD73: 91.2 | AE73: 300 | AF73: 57.9 | AG73: 64.7 | AH73: 90.1 | AI73: 300 | AJ73: 58.6 | AK73: 67.6 | AL73: 89.2 | AM73: 300 | AN73: 60.9 | AO73: 67.4 | AP73: 96.6 | AQ73: =IF(AND((O73)<85,N73<137),"NO","SI") | AR73: =IF((480*(10^(7.95-(O73/10))))<480,480*(10^(7.95-(O73/10))),480) | AS73: =IF((480*(10^(8.45-(O73/10))))<480,480*(10^(8.45-(O73/10))),480) | AT73: =IF((480*(10^(8.65-(O73/10))))<480,480*(10^(8.65-(O73/10))),480) | AU73: =IF(O73<80,"0",IF((P73-O73)<=2,('DPI art.191'!$G$3-(('DPI art.191'!$F$3-'DPI art.191'!$G$3)/4)*(P73-O73-2)),('DPI art.191'!$G$3-(('DPI art.191'!$G$3-'DPI art.191'!$H$3)/8)*(P73-O73-2)))) | AV73: =O73-AU73 | AW73: =IF(N73<135,N73,N73-'DPI art.191'!$I$3) | AX73: =IF(I73<80,"0",IF((J73-I73)<=2,('DPI art.191'!$G$7-(('DPI art.191'!$F$7-'DPI art.191'!$G$7)/4)*(I73-J73-2)),('DPI art.191'!$G$7-(('DPI art.191'!$G$7-'DPI art.191'!$H$7)/8)*(J73-I73-2)))) | AY73: =I73-AX73 | AZ73: =IF(H73<135,H73,H73-'DPI art.191'!$I$7) | BA73: =IF(O73<80,"0",IF((P73-O73)<=2,('DPI art.191'!$G$5-(('DPI art.191'!$F$5-'DPI art.191'!$G$5)/4)*(P73-O73-2)),('DPI art.191'!$G$5-(('DPI art.191'!$G$5-'DPI art.191'!$H$5)/8)*(P73-O73-2)))) | BB73: =R73-BA73 | BC73: =IF(N73<135,N73,N73-'DPI art.191'!$I$5) | BD73: =IF(O73<80,"0",IF((P73-O73)<=2,('DPI art.191'!$G$7-(('DPI art.191'!$F$7-'DPI art.191'!$G$7)/4)*(O73-P73-2)),('DPI art.191'!$G$7-(('DPI art.191'!$G$7-'DPI art.191'!$H$7)/8)*(P73-O73-2)))) | BE73: =O73-BD73 | BF73: =IF(N73<135,N73,N73-'DPI art.191'!$I$7) | BG73: =10^(0.1*R73) | BH73: =10^(0.1*X73) | BI73: =10^(0.1*AB73) | BJ73: =10^(0.1*AF73) | BK73: =10^(0.1*AJ73) | BL73: =10^(0.1*AN73) | BM73: =IF(R73>0,(O73-R73),"") | BN73: =IF(X73>0,(O73-X73),"") | BO73: =IF(AB73>0,(O73-AB73),"") | BP73: =IF(AF73>0,(O73-AF73),"") | BQ73: =IF(AJ73>0,(O73-AJ73),"") | BR73: =IF(AN73>0,(O73-AN73),"") | BS73: =COUNT(BM73:BR73) | BT73: =IF(BS73=0,0,IF(BS73=1,0,1/(BS73*(BS73-1)))) | BU73: =IF(R73>0,(BM73^2),"") | BV73: =IF(X73>0,(BN73^2),"") | BW73: =IF(AB73>0,(BO73^2),"") | BX73: =IF(AF73>0,(BP73^2),"") | BY73: =IF(AJ73>0,(BQ73^2),"") | BZ73: =IF(AN73>0,(BR73^2),"")
A74: Gualdo 1 | B74: F12 | C74: Zona manutenzioni | D74: / | E74: / | F74: Manutenzioni | G74: 46003 | H74: Compito | I74: =IF((V74-R74)>3,"SI","") | J74: SI | M74: =IF(R74>0,(SQRT(BT74*(SUM(BU74:BZ74)))),"") | N74: =IF(T74>0,(MAX(T74,Z74,AD74,AH74,AL74,AP74))+SQRT(1.2^2+1^2),"") | O74: =IF(R74="",0,10*LOG10(SUM(BG74:BL74)/(COUNT(R74,X74,AB74,AF74,AJ74,AN74)))) | P74: =IF(AND(Y74="",AC74="",AG74="",AK74="",AO74=""),S74,AVERAGE(S74,Y74,AC74,AG74,AK74,AO74)+STDEV(S74,Y74,AC74,AG74,AK74,AO74)) | Q74: 300 | R74: 73.5 | S74: 76.5 | T74: 96.7 | U74: 73.4 | V74: 76.1 | W74: 300 | X74: 74 | Y74: 76.3 | Z74: 105 | AA74: 300 | AB74: 73.4 | AC74: 76 | AD74: 98.8 | AE74: 300 | AF74: 72.6 | AG74: 76 | AH74: 99.3 | AI74: 300 | AJ74: 72.3 | AK74: 76 | AL74: 104.2 | AM74: 300 | AN74: 73.1 | AO74: 77 | AP74: 99.4 | AQ74: =IF(AND((O74)<85,N74<137),"NO","SI") | AR74: =IF((480*(10^(7.95-(O74/10))))<480,480*(10^(7.95-(O74/10))),480) | AS74: =IF((480*(10^(8.45-(O74/10))))<480,480*(10^(8.45-(O74/10))),480) | AT74: =IF((480*(10^(8.65-(O74/10))))<480,480*(10^(8.65-(O74/10))),480) | AU74: =IF(O74<80,"0",IF((P74-O74)<=2,('DPI art.191'!$G$3-(('DPI art.191'!$F$3-'DPI art.191'!$G$3)/4)*(P74-O74-2)),('DPI art.191'!$G$3-(('DPI art.191'!$G$3-'DPI art.191'!$H$3)/8)*(P74-O74-2)))) | AV74: =O74-AU74 | AW74: =IF(N74<135,N74,N74-'DPI art.191'!$I$3) | AX74: =IF(I74<80,"0",IF((J74-I74)<=2,('DPI art.191'!$G$7-(('DPI art.191'!$F$7-'DPI art.191'!$G$7)/4)*(I74-J74-2)),('DPI art.191'!$G$7-(('DPI art.191'!$G$7-'DPI art.191'!$H$7)/8)*(J74-I74-2)))) | AY74: =I74-AX74 | AZ74: =IF(H74<135,H74,H74-'DPI art.191'!$I$7) | BA74: =IF(O74<80,"0",IF((P74-O74)<=2,('DPI art.191'!$G$5-(('DPI art.191'!$F$5-'DPI art.191'!$G$5)/4)*(P74-O74-2)),('DPI art.191'!$G$5-(('DPI art.191'!$G$5-'DPI art.191'!$H$5)/8)*(P74-O74-2)))) | BB74: =R74-BA74 | BC74: =IF(N74<135,N74,N74-'DPI art.191'!$I$5) | BD74: =IF(O74<80,"0",IF((P74-O74)<=2,('DPI art.191'!$G$7-(('DPI art.191'!$F$7-'DPI art.191'!$G$7)/4)*(O74-P74-2)),('DPI art.191'!$G$7-(('DPI art.191'!$G$7-'DPI art.191'!$H$7)/8)*(P74-O74-2)))) | BE74: =O74-BD74 | BF74: =IF(N74<135,N74,N74-'DPI art.191'!$I$7) | BG74: =10^(0.1*R74) | BH74: =10^(0.1*X74) | BI74: =10^(0.1*AB74) | BJ74: =10^(0.1*AF74) | BK74: =10^(0.1*AJ74) | BL74: =10^(0.1*AN74) | BM74: =IF(R74>0,(O74-R74),"") | BN74: =IF(X74>0,(O74-X74),"") | BO74: =IF(AB74>0,(O74-AB74),"") | BP74: =IF(AF74>0,(O74-AF74),"") | BQ74: =IF(AJ74>0,(O74-AJ74),"") | BR74: =IF(AN74>0,(O74-AN74),"") | BS74: =COUNT(BM74:BR74) | BT74: =IF(BS74=0,0,IF(BS74=1,0,1/(BS74*(BS74-1)))) | BU74: =IF(R74>0,(BM74^2),"") | BV74: =IF(X74>0,(BN74^2),"") | BW74: =IF(AB74>0,(BO74^2),"") | BX74: =IF(AF74>0,(BP74^2),"") | BY74: =IF(AJ74>0,(BQ74^2),"") | BZ74: =IF(AN74>0,(BR74^2),"")
A75: Gualdo 2 | B75: F13 | C75: Uffici primo piano | D75: / | E75: / | F75: Attività di ufficio | G75: 46003 | H75: Compito | I75: =IF((V75-R75)>3,"SI","") | J75: =IF((U75-R75)>3,"SI","") | M75: =IF(R75>0,(SQRT(BT75*(SUM(BU75:BZ75)))),"") | N75: =IF(T75>0,(MAX(T75,Z75,AD75,AH75,AL75,AP75))+SQRT(1.2^2+1^2),"") | O75: =IF(R75="",0,10*LOG10(SUM(BG75:BL75)/(COUNT(R75,X75,AB75,AF75,AJ75,AN75)))) | P75: =IF(AND(Y75="",AC75="",AG75="",AK75="",AO75=""),S75,AVERAGE(S75,Y75,AC75,AG75,AK75,AO75)+STDEV(S75,Y75,AC75,AG75,AK75,AO75)) | Q75: 300 | R75: 50.1 | S75: 55.3 | T75: 91.4 | U75: 50.1 | V75: 57.8 | W75: 300 | X75: 51.2 | Y75: 55.9 | Z75: 89.4 | AA75: 300 | AB75: 56.1 | AC75: 60.5 | AD75: 104.9 | AE75: 300 | AF75: 47.8 | AG75: 54.6 | AH75: 88.9 | AI75: 300 | AJ75: 47.4 | AK75: 54.3 | AL75: 91.9 | AM75: 300 | AN75: 44.7 | AO75: 55.4 | AP75: 90.9 | AQ75: =IF(AND((O75)<85,N75<137),"NO","SI") | AR75: =IF((480*(10^(7.95-(O75/10))))<480,480*(10^(7.95-(O75/10))),480) | AS75: =IF((480*(10^(8.45-(O75/10))))<480,480*(10^(8.45-(O75/10))),480) | AT75: =IF((480*(10^(8.65-(O75/10))))<480,480*(10^(8.65-(O75/10))),480) | AU75: =IF(O75<80,"0",IF((P75-O75)<=2,('DPI art.191'!$G$3-(('DPI art.191'!$F$3-'DPI art.191'!$G$3)/4)*(P75-O75-2)),('DPI art.191'!$G$3-(('DPI art.191'!$G$3-'DPI art.191'!$H$3)/8)*(P75-O75-2)))) | AV75: =O75-AU75 | AW75: =IF(N75<135,N75,N75-'DPI art.191'!$I$3) | AX75: =IF(I75<80,"0",IF((J75-I75)<=2,('DPI art.191'!$G$7-(('DPI art.191'!$F$7-'DPI art.191'!$G$7)/4)*(I75-J75-2)),('DPI art.191'!$G$7-(('DPI art.191'!$G$7-'DPI art.191'!$H$7)/8)*(J75-I75-2)))) | AY75: =I75-AX75 | AZ75: =IF(H75<135,H75,H75-'DPI art.191'!$I$7) | BA75: =IF(O75<80,"0",IF((P75-O75)<=2,('DPI art.191'!$G$5-(('DPI art.191'!$F$5-'DPI art.191'!$G$5)/4)*(P75-O75-2)),('DPI art.191'!$G$5-(('DPI art.191'!$G$5-'DPI art.191'!$H$5)/8)*(P75-O75-2)))) | BB75: =R75-BA75 | BC75: =IF(N75<135,N75,N75-'DPI art.191'!$I$5) | BD75: =IF(O75<80,"0",IF((P75-O75)<=2,('DPI art.191'!$G$7-(('DPI art.191'!$F$7-'DPI art.191'!$G$7)/4)*(O75-P75-2)),('DPI art.191'!$G$7-(('DPI art.191'!$G$7-'DPI art.191'!$H$7)/8)*(P75-O75-2)))) | BE75: =O75-BD75 | BF75: =IF(N75<135,N75,N75-'DPI art.191'!$I$7) | BG75: =10^(0.1*R75) | BH75: =10^(0.1*X75) | BI75: =10^(0.1*AB75) | BJ75: =10^(0.1*AF75) | BK75: =10^(0.1*AJ75) | BL75: =10^(0.1*AN75) | BM75: =IF(R75>0,(O75-R75),"") | BN75: =IF(X75>0,(O75-X75),"") | BO75: =IF(AB75>0,(O75-AB75),"") | BP75: =IF(AF75>0,(O75-AF75),"") | BQ75: =IF(AJ75>0,(O75-AJ75),"") | BR75: =IF(AN75>0,(O75-AN75),"") | BS75: =COUNT(BM75:BR75) | BT75: =IF(BS75=0,0,IF(BS75=1,0,1/(BS75*(BS75-1)))) | BU75: =IF(R75>0,(BM75^2),"") | BV75: =IF(X75>0,(BN75^2),"") | BW75: =IF(AB75>0,(BO75^2),"") | BX75: =IF(AF75>0,(BP75^2),"") | BY75: =IF(AJ75>0,(BQ75^2),"") | BZ75: =IF(AN75>0,(BR75^2),"")
A76: 024/B/PRS805 | B76: F14 | C76: Saldatrice a filo | D76: ESAB | E76: ARISTO 500X | F76: Saldatura | G76: 46003 | H76: Compito | I76: =IF((V76-R76)>3,"SI","") | J76: =IF((U76-R76)>3,"SI","") | M76: =IF(R76>0,(SQRT(BT76*(SUM(BU76:BZ76)))),"") | N76: =IF(T76>0,(MAX(T76,Z76,AD76,AH76,AL76,AP76))+SQRT(1.2^2+1^2),"") | O76: =IF(R76="",0,10*LOG10(SUM(BG76:BL76)/(COUNT(R76,X76,AB76,AF76,AJ76,AN76)))) | P76: =IF(AND(Y76="",AC76="",AG76="",AK76="",AO76=""),S76,AVERAGE(S76,Y76,AC76,AG76,AK76,AO76)+STDEV(S76,Y76,AC76,AG76,AK76,AO76)) | Q76: 300 | R76: 80 | S76: 81 | T76: 115 | U76: 80 | V76: 83.1 | W76: 300 | X76: 83 | Y76: 83 | Z76: 118.4 | AA76: 300 | AB76: 83.7 | AC76: 83.4 | AD76: 115.1 | AE76: 300 | AF76: 83.3 | AG76: 83 | AH76: 113.2 | AI76: 300 | AJ76: 81.8 | AK76: 81.9 | AL76: 116 | AM76: 300 | AN76: 82.1 | AO76: 81.6 | AP76: 114.5 | AQ76: =IF(AND((O76)<85,N76<137),"NO","SI") | AR76: =IF((480*(10^(7.95-(O76/10))))<480,480*(10^(7.95-(O76/10))),480) | AS76: =IF((480*(10^(8.45-(O76/10))))<480,480*(10^(8.45-(O76/10))),480) | AT76: =IF((480*(10^(8.65-(O76/10))))<480,480*(10^(8.65-(O76/10))),480) | AU76: =IF(O76<80,"0",IF((P76-O76)<=2,('DPI art.191'!$G$3-(('DPI art.191'!$F$3-'DPI art.191'!$G$3)/4)*(P76-O76-2)),('DPI art.191'!$G$3-(('DPI art.191'!$G$3-'DPI art.191'!$H$3)/8)*(P76-O76-2)))) | AV76: =O76-AU76 | AW76: =IF(N76<135,N76,N76-'DPI art.191'!$I$3) | AX76: =IF(I76<80,"0",IF((J76-I76)<=2,('DPI art.191'!$G$7-(('DPI art.191'!$F$7-'DPI art.191'!$G$7)/4)*(I76-J76-2)),('DPI art.191'!$G$7-(('DPI art.191'!$G$7-'DPI art.191'!$H$7)/8)*(J76-I76-2)))) | AY76: =I76-AX76 | AZ76: =IF(H76<135,H76,H76-'DPI art.191'!$I$7) | BA76: =IF(O76<80,"0",IF((P76-O76)<=2,('DPI art.191'!$G$5-(('DPI art.191'!$F$5-'DPI art.191'!$G$5)/4)*(P76-O76-2)),('DPI art.191'!$G$5-(('DPI art.191'!$G$5-'DPI art.191'!$H$5)/8)*(P76-O76-2)))) | BB76: =R76-BA76 | BC76: =IF(N76<135,N76,N76-'DPI art.191'!$I$5) | BD76: =IF(O76<80,"0",IF((P76-O76)<=2,('DPI art.191'!$G$7-(('DPI art.191'!$F$7-'DPI art.191'!$G$7)/4)*(O76-P76-2)),('DPI art.191'!$G$7-(('DPI art.191'!$G$7-'DPI art.191'!$H$7)/8)*(P76-O76-2)))) | BE76: =O76-BD76 | BF76: =IF(N76<135,N76,N76-'DPI art.191'!$I$7) | BG76: =10^(0.1*R76) | BH76: =10^(0.1*X76) | BI76: =10^(0.1*AB76) | BJ76: =10^(0.1*AF76) | BK76: =10^(0.1*AJ76) | BL76: =10^(0.1*AN76) | BM76: =IF(R76>0,(O76-R76),"") | BN76: =IF(X76>0,(O76-X76),"") | BO76: =IF(AB76>0,(O76-AB76),"") | BP76: =IF(AF76>0,(O76-AF76),"") | BQ76: =IF(AJ76>0,(O76-AJ76),"") | BR76: =IF(AN76>0,(O76-AN76),"") | BS76: =COUNT(BM76:BR76) | BT76: =IF(BS76=0,0,IF(BS76=1,0,1/(BS76*(BS76-1)))) | BU76: =IF(R76>0,(BM76^2),"") | BV76: =IF(X76>0,(BN76^2),"") | BW76: =IF(AB76>0,(BO76^2),"") | BX76: =IF(AF76>0,(BP76^2),"") | BY76: =IF(AJ76>0,(BQ76^2),"") | BZ76: =IF(AN76>0,(BR76^2),"")
